8001389c	84	vinit
800138f0	4	vgetmaxsize
8001393c	4	vgetfreesize
80013980	460	valloc
80013b4c	520	vrealloc
80013d54	84	vcalloc
80013da8	264	vfree
80013eb0	12	vsize
80013ebc	784	vmemoryGC
800141cc	48	SystemOut
800141fc	316	InitGraphicsSystem
80014338	212	InitLighting
8001440c	392	SetupLighting
80014594	124	StartDrawing
80014610	196	EndDrawing
800146d4	52	UpdateCoordinate
80014708	52	UpdateCoordinate2
8001473c	124	GetAbsolutePosition
800147b8	300	DrawClip
800148e4	180	LoadModel
80014998	336	DrawModel
80014ae8	36	DisposeModel
80014b0c	164	CreateCloneModel
80014bb0	764	LoadModelArchive
80014eac	492	DrawModelArchive
80015098	140	DisposeModelArchive
80015124	424	CreateCloneModelArchive
800152cc	148	LoadOrnament
80015360	72	DrawOrnament
800153a8	36	DisposeOrnament
800153cc	132	CreateCloneOrnament
80015450	96	UpdateOrnament
800154b0	472	SetupSprite
80015688	448	DrawSprite
80015848	36	DisposeSprite
8001586c	1124	SetupBG
80015cd0	68	DrawBG
80015d14	84	DisposeBG
80015d68	60	ViewAdjustBG
80015da4	184	LoadTIM
80015e5c	32	GetTIMInfo
80015e7c	288	LoadTIMpack
80015f9c	124	GetTIMpackInfo
80016018	104	InitSoundEffect
80016080	188	SetupSE
8001613c	80	DisposeSE
8001618c	284	PlaySE
800162a8	60	StopSE
800162e4	352	InitFileSystem
80016444	60	InitAccessInfo
80016480	292	cbAccess
800165a4	60	PrepareAccess
800165e0	232	FileRead
800166c8	56	PathFileRead
80016700	128	FileWrite
80016780	260	LoadFromDEVPC
80016884	868	LoadFromMEMORY
80016be8	284	LoadFromCDROM
80016d10	16	SetDepthQ
80016d20	168	DrawTMD
80016dc8	296	drawF3
80016ef0	344	drawFT3
80017048	328	drawF4
80017190	392	drawFT4
80017318	320	drawG3
80017458	368	drawGT3
800175c8	364	drawG4
80017734	428	drawGT4
800178e0	324	drawzF3
80017a24	372	drawzFT3
80017b98	376	drawzF4
80017d10	440	drawzFT4
80017ec8	348	drawzG3
80018024	396	drawzGT3
800181b0	412	drawzG4
8001834c	476	drawzGT4
80018528	180	LoadAreaMap
800185dc	60	DisposeAreaMap
80018618	416	ComputeAreaLevel
800187b8	1128	GetAreaMapLevel
80018c20	584	GetAreaMapVector
80018e68	584	GetAreaMapPassage
800190b0	328	InitConflict
800191f8	328	InsertConflict
80019340	300	DeleteConflict
8001946c	832	ComputeAllConflict
800197ac	388	GetConflictResult
80019930	84	InitPadControl
80019984	100	PadShock
800199e8	856	ComPad
80019d40	28	PadShockAR
80019d5c	372	PadProc
80019ed0	92	GetRealPad
80019f2c	72	GetPadXY
80019f74	84	GetPad
80019fc8	172	SetPad
8001a074	280	GetCommand
8001a18c	260	SetCommand
8001a290	244	LoadMotion
8001a384	364	SearchMotion
8001a4f0	144	SetupMotionRegist
8001a580	160	SetupMotionManager
8001a620	60	DisposeMotionManager
8001a65c	116	GetMotionID
8001a6d0	636	UpdateMotion
8001a94c	192	PlayMotion
8001aa0c	340	HoldMotion
8001ab60	988	SweepMotion
8001af3c	456	ActiveMotion
8001b104	232	SetupSpline
8001b1ec	432	UpdateSplineControl
8001b39c	648	GetSpline
8001b624	292	HumanActionControl
8001b748	144	MotionAndMove
8001b7d8	180	SetNowMotion
8001b88c	192	NowReturnNormal
8001b94c	100	ReturnNormal
8001b9b0	664	SwimCheck
8001bc48	572	FallCheck
8001be84	1120	HangCheck
8001c2e4	260	StickonCheck
8001c3e8	604	JumpControl
8001c644	4652	DamageControl
8001d870	1020	AttackControl
8001dc6c	384	AttackCancelControl
8001ddec	460	AttackContinuousCheck
8001dfb8	664	WeaponHitWeapon
8001e250	348	AttackBowControl
8001e3ac	148	AttackGunControl
8001e440	168	AttackPQD
8001e4e8	208	AttackFire
8001e5b8	196	ItemControl
8001e67c	972	ActNORMAL
8001ea48	804	ActACTION
8001ed6c	748	ActMOVE
8001f058	1240	ActSWIM
8001f530	1944	ActKAGI
8001fcc8	1236	ActENGAGE
8002019c	1360	ActCHASE
800206ec	5548	ActATTACK
80021c98	2332	ActSTATE
800225b4	1460	ActJUMP
80022b68	704	ActHANG
80022e28	1368	ActSQUAT
80023380	1776	ActSTICKON
80023a70	8	ActCEILHANG
80023a78	704	ActSYURI
80023d38	548	ActITEM
80023f5c	1140	ActDAMAGE
800243d0	1068	ActDEAD
800247fc	444	CreateHumanoid
800249b8	72	KillAllHumanoid
80024a00	244	KillHumanoid
80024af4	116	ControlAllHumanoid
80024b68	632	ControlHumanoid
80024de0	2320	DefaultActionHumanoid
800256f0	116	GetHumanoid
80025764	312	MoveHumanoid
8002589c	208	GetMoveSpeed
8002596c	108	GetDirection
800259d8	212	GetTargetDistance
80025aac	368	GetNearestHumanoid
80025c1c	940	SearchTarget
80025fc8	216	SetupTraceLine
800260a0	144	RestartTraceLine
80026130	464	ControlTraceLine
80026300	948	SetupAppearance
800266b4	428	SetupCharacterParameter
80026860	592	BreedLife
80026ab0	144	GetAttackDBID
80026b40	504	GetWeaponData
80026d38	1040	SetupWeapon
80027148	108	DisposeWeapon
800271b4	184	EquipWeapon
8002726c	1096	StateTransition
800276b4	180	SetupThinkFunction
80027768	8	ThinkBasicNone
80027770	56	ThinkBasicHuman1
800277a8	36	ThinkBasicHuman2
800277cc	188	GotoPosition
80027888	468	ChasetoTarget
80027a5c	476	Think1trace
80027c38	400	Think1watch
80027dc8	492	Think1random
80027fb4	8	Think1ninja
80027fbc	128	Think1sleep
8002803c	560	Think1chase
8002826c	252	Think1target
80028368	108	Think2confirm
800283d4	100	Think2contact
80028438	436	Think3callaid
800285ec	108	Think3chase
80028658	616	Think3attack
800288c0	200	Think3escape
80028988	672	Think3area
80028c28	332	Think3hitaway
80028d74	200	Think3firstattack
80028e3c	444	ItemUse
80028ff8	252	SuccessionAttack
800290f4	1428	AttackShort
80029688	1192	AttackGeneral
80029b30	1180	AttackLong
80029fcc	860	AttackIndirect
8002a328	340	AttackAnimal
8002a47c	436	Think4abandon
8002a630	512	Think4contact
8002a830	536	Think4chase
8002aa48	116	SetCameraMode
8002aabc	24	QuakeCamera
8002aad4	472	SnapCameraTargetVector
8002acac	800	MakeDifSub
8002afcc	108	MakeDif
8002b038	896	AntiWall
8002b3b8	1124	MakeCameraPosition
8002b81c	1896	CameraType1
8002bf84	948	Camera
8002c338	1196	CameraDirection
8002c7e4	244	DrawSpriteXYZ
8002c8d8	368	CGetLevel
8002ca48	832	InitEffect
8002cd88	140	DrawEffect
8002ce14	264	DrawTargetS
8002cf1c	176	RotateVector
8002cfcc	176	RotateVectorS
8002d07c	244	GetVectorLength
8002d170	296	GetVectorDistance
8002d298	176	GetVectorRotation
8002d348	156	GetScreenPosition
8002d3e4	60	PrepareGetScreenPositionS
8002d420	120	GetScreenPositionS
8002d498	204	DrawTarget
8002d564	392	SetPadState
8002d6ec	1608	DrawBlood
8002dd34	656	SetBlood
8002dfc4	484	DrawSmoke
8002e1a8	700	SetSmoke
8002e464	420	SetSmokeS
8002e608	116	SetImpact
8002e67c	532	DrawBleed
8002e890	176	SetBleed
8002e940	1012	SetBleeds
8002ed34	928	DrawSplash
8002f0d4	120	SetSplash
8002f14c	852	DrawFrame
8002f4a0	120	SetFrame
8002f518	788	SetBleedsDir
8002f82c	640	DrawGore
8002faac	160	SetGore
8002fb4c	472	DrawExplosion
8002fd24	312	SetExplosion
8002fe5c	312	DrawHinoko
8002ff94	656	SetHinoko
80030224	584	DrawFlyWire
8003046c	900	SetFlyWire
800307f0	1508	SetWire
80030dd4	1404	SetLightningI
80031350	68	SetLightning
80031394	1648	DrawShadow
80031a04	388	SetupAfterimage
80031b88	72	DisposeAfterimage
80031bd0	660	DrawAfterimage
80031e64	52	SetPolyXF4
80031e98	68	AddXF4
80031edc	52	DrawXF4
80031f10	52	SetPolyXG4
80031f44	68	AddXG4
80031f88	52	DrawXG4
80031fbc	428	FadeOutDirect
80032168	380	SetupTexScroll
800322e4	412	UpdateTexScroll
80032480	236	DrawImpact
8003256c	868	CreateStage
800328d0	620	LoadOrnamentArchive
80032b3c	140	DisposeOrnamentArchive
80032bc8	420	GetCenterAndSize
80032d6c	2660	LoadConstruction
800337d0	376	PointInTri
80033948	412	IsVisible
80033ae4	384	ActivateHumans
80033c64	2448	DrawConstruction
800345f4	44	leResetEnemyLayout
80034620	68	leClearLayout
80034664	420	leFindEnemy
80034808	144	leSetEnemy
80034898	60	DestroyTraceLine
800348d4	792	leLayoutEnemy
80034bec	88	leRemoveEnemy
80034c44	212	lePackEnemyLayout
80034d18	164	leRestoreEnemyLayout
80034dbc	44	leResetPath
80034de8	244	leAddPath
80034edc	960	jt_init4
8003529c	844	SearchItemTarget2
800355e8	148	ClearItemLayout
8003567c	184	PackItemLayout
80035734	300	RestoreItemLayout
80035860	320	InitializeItem
800359a0	244	GetFreeItemSlot
80035a94	76	GetItemType
80035ae0	204	RequestItem
80035bac	1148	MoveKorogari
80036028	488	MoveFly
80036210	648	SetupFly
80036498	1328	ProcItemDrop
800369c8	460	ReqItemDrop
80036b94	580	ProcSightShot
80036dd8	436	ProcKaginawa
80036f8c	376	ProcItemTeleport
80037104	92	ReqItemStay
80037160	680	ProcItemMakibishi
80037408	476	ReqItemMakibishi
800375e4	412	ReqItemManebue
80037780	1040	ProcItemShinsoku
80037b90	432	ReqItemShinsoku
80037d40	1220	ProcItemSmoke
80038204	468	ReqItemSmoke
800383d8	1676	ProcItemKusuri
80038a64	468	ReqItemKusuri
80038c38	784	ProcItemKawarimi
80038f48	468	ReqItemKawarimi
8003911c	2680	ProcItemDokudango
80039b94	492	ReqItemDokudango
80039d80	768	ProcItemGosin
8003a080	468	ReqItemGosin
8003a254	1768	ProcItemNingyo
8003a93c	516	ReqItemNingyo
8003ab40	1760	ProcItemHenshin
8003b220	428	ReqItemHenshin
8003b3cc	812	ProcItemGoshikimai
8003b6f8	460	ReqItemGoshikimai
8003b8c4	1280	ProcItemKaengeki
8003bdc4	508	ReqItemKaengeki
8003bfc0	912	ProcItemNinken
8003c350	480	ReqItemNinken
8003c530	696	ProcItemHappou
8003c7e8	736	ReqItemHappou
8003cac8	2288	ProcItemFire
8003d3b8	468	ReqItemFire
8003d58c	1644	ProcItemNemuri
8003dbf8	440	ReqItemNemuri
8003ddb0	512	ProcItemLightningBolt
8003dfb0	552	ReqItemLightningBolt
8003e1d8	792	ProcItemGun
8003e4f0	1612	ProcItemNapalm
8003eb3c	1064	ProcItemLaunch
8003ef64	464	UpdateItemState
8003f134	168	DoItemProc
8003f1dc	224	ReqItemDefault
8003f2bc	508	ReqItemLaunch
8003f4b8	580	ArrangeLocalMatrix
8003f6fc	1604	ProcItemArrow
8003fd40	452	ReqItemArrow
8003ff04	144	CalcWorldVector
8003ff94	1552	ProcItemJirai
800405a4	468	ReqItemJirai
80040778	5908	ReqItemUse
80041e8c	412	TurnAroundAllItems
80042028	264	ProcItemManebue
80042130	180	ReqLifeBar
800421e4	472	InitializeInfoView
800423bc	196	PutNumber
80042480	408	PutStrain
80042618	664	PutLifeBar
800428b0	148	PutLifeBarS
80042944	84	PutItemIcon
80042998	88	PutItemCursor
800429f0	504	PutItemList
80042be8	1324	SaveSI
80043114	464	LoadSI
800432e4	172	SelectStage
80043390	1148	AddEnemy
8004380c	276	SelectCameraOwnerOption
80043920	640	LayoutEnemyOption
80043ba0	436	AddItem2
80043d54	860	FileOption
800440b0	256	PlayerOption
800441b0	144	LoadExecEx
80044240	72	DemoPatchInit
80044288	204	DemoPatchProc
80044354	400	DrawPause
800444e4	608	PauseProc
80044744	492	PutMap
80044930	128	ResetInfoview
800449b0	1424	DoInfoViewProc
80044f40	96	ResetAllMisc
80044fa0	432	InitMisc
80045150	1024	ProcMiscDoor
80045550	816	ProcMiscPitfall
80045880	496	ProcMiscSnowfall
80045a70	296	AddMisc
80045b98	440	DoMiscProc
80045d50	396	ProcMiscFire
80045edc	252	ProcMiscSprite
80045fd8	112	SetupStageSequence
80046048	884	StartStageSequence
800463bc	1144	StageSequence
80046834	332	UpdateEvent
80046980	148	InitializeImage
80046a14	232	GetImage
80046afc	12	GetImageReady
80046b08	284	InitSprite
80046c24	292	SetupImageToPolyFT4
80046d48	328	SetupImageToPolyGT4
80046e90	192	GetArcData
80046f50	72	SetCDVolume
80046f98	364	_PlayMusic
80047104	32	PlayMusic
80047124	412	PlayVoice
800472c0	60	PlayMusicFormID
800472fc	64	StopMusic
8004733c	144	SetupSoundEffect
800473cc	292	SoundEx
800474f0	508	Sound
800476ec	180	CVAsetup
800477a0	588	CVAsequence
800479ec	1320	CVAupdate
80047f14	436	CVArun
800480c8	436	AVCameraSetup
8004827c	504	AVCameraControl
80048474	584	SetupTelop
800486bc	272	DrawTelop
800487cc	128	ReadSaveData
8004884c	188	WriteSaveData
80048908	700	StartLoad
80048bc4	276	SpWorkSet
80048cd8	272	GsSortSpriteKage
80048de8	436	FideOutFs
80048f9c	572	FideOut
800491d8	216	FideOut2
800492b0	212	FideOut3
80049384	24844	Opening
8004f490	104	CdaGetCurrentLength
8004f4f8	16	CdaReady
8004f508	412	cbCheckCD
8004f6a4	388	CdaPlayXA
8004f828	100	CdaStop
8004f88c	280	open_stream
8004f9a4	168	get_stream
8004fa4c	124	close_stream
8004fac8	104	strSetDefDecEnv
8004fb30	112	strInit
8004fba0	460	strCallback
8004fd6c	140	strNextVlc
8004fdf8	332	strNext
8004ff44	160	strSync
8004ffe4	144	strKickCD
80050074	420	InitMoji
80050218	64	GetKazu
80050258	308	PutMojiColKage
8005038c	128	PutMojiCol
8005040c	276	PutMojiKage
80050520	1240	PutMoji
800509f8	52	ChkCard
80050a2c	80	DeleteCard
80050a7c	52	FormatCard
80050ab0	264	LoadCard
80050c0c	904	SaveCard
80050f94	68	MakeArcData
80050fd8	176	LoadTIMarc
80051088	924	main
80051424	12	LoadExec
80051434	12	_96_init
80051444	12	Krom2RawAdd
80051454	12	ChangeClearPAD
80051464	32	PCopen
80051484	16	PCclose
80051494	36	PClseek
800514b8	32	PCcreat
800514d8	168	__SN_ENTRY_POINT
80051580	112	__main
800515f0	104	__do_global_dtors
80051658	12	InitHeap
80051668	12	PCinit
80051674	192	PCread
80051734	24	_SN_read
8005174c	192	PCwrite
8005180c	24	_SN_write
80051824	44	StSetRing
80051854	132	CdInit
800518d8	40	DEAD_800518d8
80051900	40	DEAD_80051900
80051928	40	DEAD_80051928
80051954	12	DeliverEvent
80051964	16	CdStatus
80051974	16	CdMode
80051984	16	CdLastCom
80051994	12	CdLastPos
800519a0	108	CdReset
80051a0c	32	CdFlush
80051a2c	20	CdSetDebug
80051a40	52	CdComstr
80051a74	52	CdIntstr
80051aa8	32	CdSync
80051ac8	32	CdReady
80051ae8	20	CdSyncCallback
80051afc	20	CdReadyCallback
80051b10	316	CdControl
80051c4c	308	CdControlF
80051d80	332	CdControlB
80051ecc	32	CdMix
80051eec	32	CdGetSector
80051f0c	32	CdGetSector2
80051f2c	36	CdDataCallback
80051f50	32	CdDataSync
80051f70	260	CdIntToPos
80052074	128	CdPosToInt
800520f4	1372	FUN_800520f4
80052650	640	CD_sync
800528d0	712	CD_ready
80052b98	1036	CD_cw
80052fa4	136	CD_vol
8005302c	212	CD_flush
80053100	240	CD_initvol
800531f0	76	CD_initintr
8005323c	480	CD_init
8005341c	360	CD_datasync
80053584	256	CD_getsector
80053684	236	CD_getsector2
80053770	12	DEAD_80053770
8005377c	216	DEAD_8005377c
80053854	264	CdSearchFile
8005395c	412	ISO9660_OBJ_108
80053af8	12	ISO9660_OBJ_2A4
80053b04	40	ISO9660_OBJ_2B0
80053b2c	32	ISO9660_OBJ_2D8
80053b4c	668	ISO9660_OBJ_2F8
80053de8	40	ISO9660_OBJ_594
80053e10	132	ISO9660_OBJ_5BC
80053e94	32	ISO9660_OBJ_640
80053eb4	372	ISO9660_OBJ_660
80054028	28	ISO9660_OBJ_7D4
80054044	228	ISO9660_OBJ_7F0
80054128	40	ISO9660_OBJ_8D4
80054150	104	ISO9660_OBJ_8FC
800541b8	620	DEAD_800541b8
80054424	204	DEAD_80054424
800544f0	496	FUN_800544f0
800546e0	148	DEAD_800546e0
80054774	256	CdRead
80054874	200	CdReadSync
8005493c	20	CdReadMode
80054950	24	CdRead2
80054974	132	FUN_80054974
800549f8	32	DEAD_800549f8
80054a24	96	StClearRing
80054a84	128	StUnSetRing
80054b04	16	EnterCriticalSection
80054b14	16	ExitCriticalSection
80054b24	140	data_ready_callback
80054bb0	88	StGetBackloc
80054c14	132	StSetStream
80054ca4	172	StFreeRing
80054d54	52	FUN_80054d54
80054d94	184	FUN_80054d94
80054e54	28	FUN_80054e54
80054e74	2332	FUN_80054e74
80055790	44	FUN_80055790
800557bc	424	FUN_800557bc
80055964	804	GsSortFixBg32
80055c88	340	GsInitFixBg32
80055ddc	28	2D_BG32_OBJ_154
80055e04	216	GsSortLine
80055ee4	152	_make_packet
80055f84	216	GsSortBoxFill
80056064	452	GsSortPoly
80056234	576	GsSortSprite
80056474	328	2D_SP0_OBJ_240
800565bc	64	2D_SP0_OBJ_388
800565fc	248	2D_SP0_OBJ_3C8
800566f4	56	2D_SP0_OBJ_4C0
80056734	380	GsSortFastSprite
800568b4	116	GsInitGraph
80056928	284	GS_001_OBJ_74
80056a44	104	GsInitGraph2
80056aac	544	GS_001_OBJ_1F8
80056ccc	264	GsSortClear
80056dd4	48	GS_001_OBJ_520
80056e04	16	GsGetActiveBuff
80056e14	264	GsSetDrawBuffOffset
80056f24	120	GsSetDrawBuffClip
80056fa4	52	GsSetClip2D
80056fe4	164	GsSwapDispBuff
80057094	112	GsInitCoordinate2
80057104	44	GsInitCoord2param
80057130	44	GsSetLsMatrix
8005715c	148	GsSetLightMatrix
800571f0	48	GsSetLightMatrix2
80057220	144	GsMulCoord0
800572b0	128	GsMulCoord2
80057330	128	GsMulCoord3
800573b0	112	print_matrix
80057420	48	print_vector
80057454	12	GsSetNearClip
80057464	152	GsDefDispBuff
800574fc	124	GsInit3D
80057584	112	GsMapModelingData
800575f4	32	GsSetProjection
80057614	1092	GsSetFlatLight
80057a58	116	GS_107_OBJ_444
80057acc	100	GS_107_OBJ_4B8
80057b30	76	GS_107_OBJ_51C
80057b84	124	GsSetLightMode
80057c04	76	GsSetFogParam
80057c54	48	GsSetAmbient
80057c84	36	GsDrawOt
80057cb4	88	GsClearOt
80057d14	76	FUN_80057d14
80057d64	228	GsGetTimInfo
80057e54	200	FUN_80057e54
80057f24	12	GsSetWorkBase
80057f34	16	GsGetWorkBase
80057f44	976	GsSetRefView2
80058314	212	GS_131_OBJ_3D0
800583e8	24	GS_131_OBJ_4A4
80058400	200	GS_131_OBJ_4BC
800584c8	28	GS_131_OBJ_584
800584e4	180	gte_rotate_z_matrix
800585a4	48	GsGetLw
800585d4	492	GS_133_OBJ_30
800587c0	156	GS_133_OBJ_21C
80058864	48	GsGetLs
80058894	492	GS_134_OBJ_30
80058a80	172	GS_134_OBJ_21C
80058b34	204	GsLinkObject4
80058c00	12	OBJT_OBJ_CC
80058c0c	8	OBJT_OBJ_D8
80058c14	12	OBJT_OBJ_E0
80058c20	8	OBJT_OBJ_EC
80058c28	12	OBJT_OBJ_F4
80058c34	8	OBJT_OBJ_100
80058c44	8	OBJT_OBJ_110
80058c4c	8	OBJT_OBJ_118
80058c54	12	OBJT_OBJ_120
80058c60	8	OBJT_OBJ_12C
80058c68	16	OBJT_OBJ_134
80058c78	64	OBJT_OBJ_144
80058cc4	224	GsSortObject4
80058da4	248	OBJT2_OBJ_E0
80058e9c	116	OBJT2_OBJ_1D8
80058f10	68	OBJT2_OBJ_24C
80058f54	200	OBJT2_OBJ_290
8005901c	100	OBJT2_OBJ_358
80059080	172	OBJT2_OBJ_3BC
8005912c	68	OBJT2_OBJ_468
80059170	172	OBJT2_OBJ_4AC
8005921c	104	OBJT2_OBJ_558
80059284	44	OBJT2_OBJ_5C0
800592b0	40	OBJT2_OBJ_5EC
800592d8	4	OBJT2_OBJ_614
800592dc	40	OBJT2_OBJ_618
80059304	44	OBJT2_OBJ_640
80059330	48	OBJT2_OBJ_66C
80059360	80	OBJT2_OBJ_69C
800593b0	84	OBJT2_OBJ_6EC
80059404	80	OBJT2_OBJ_740
80059454	44	OBJT2_OBJ_790
80059480	40	OBJT2_OBJ_7BC
800594a8	84	OBJT2_OBJ_7E4
800594fc	4	OBJT2_OBJ_838
80059500	12	OBJT2_OBJ_83C
8005950c	16	OBJT2_OBJ_848
8005951c	56	OBJT2_OBJ_858
80059554	1280	DEAD_80059554
80059a54	1228	FUN_80059a54
80059f20	304	FUN_80059f20
8005a050	444	FUN_8005a050
8005a20c	232	FUN_8005a20c
8005a2f4	1280	DEAD_8005a2f4
8005a7f4	1228	FUN_8005a7f4
8005acc0	304	FUN_8005acc0
8005adf0	444	FUN_8005adf0
8005afac	232	FUN_8005afac
8005b094	1068	DEAD_8005b094
8005b4c0	1228	FUN_8005b4c0
8005b98c	304	FUN_8005b98c
8005babc	444	FUN_8005babc
8005bc78	232	FUN_8005bc78
8005bd60	1136	DEAD_8005bd60
8005c1d0	1228	FUN_8005c1d0
8005c69c	304	FUN_8005c69c
8005c7cc	444	FUN_8005c7cc
8005c988	232	FUN_8005c988
8005ca70	1088	DEAD_8005ca70
8005ceb0	1120	FUN_8005ceb0
8005d310	280	FUN_8005d310
8005d428	444	FUN_8005d428
8005d5e4	148	FUN_8005d5e4
8005d678	1096	DEAD_8005d678
8005dac0	1120	FUN_8005dac0
8005df20	280	FUN_8005df20
8005e038	444	FUN_8005e038
8005e1f4	148	FUN_8005e1f4
8005e288	1060	DEAD_8005e288
8005e6ac	1120	FUN_8005e6ac
8005eb0c	280	FUN_8005eb0c
8005ec24	444	FUN_8005ec24
8005ede0	148	FUN_8005ede0
8005ee74	1032	DEAD_8005ee74
8005f27c	1120	FUN_8005f27c
8005f6dc	280	FUN_8005f6dc
8005f7f4	444	FUN_8005f7f4
8005f9b0	148	FUN_8005f9b0
8005fa44	1128	DEAD_8005fa44
8005feac	1120	FUN_8005feac
8006030c	248	FUN_8006030c
80060404	444	FUN_80060404
800605c0	180	FUN_800605c0
80060674	1128	DEAD_80060674
80060adc	1120	FUN_80060adc
80060f3c	248	FUN_80060f3c
80061034	444	FUN_80061034
800611f0	180	FUN_800611f0
800612a4	968	DEAD_800612a4
8006166c	1120	FUN_8006166c
80061acc	248	FUN_80061acc
80061bc4	444	FUN_80061bc4
80061d80	180	FUN_80061d80
80061e34	1024	DEAD_80061e34
80062234	1120	FUN_80062234
80062694	248	FUN_80062694
8006278c	444	FUN_8006278c
80062948	180	FUN_80062948
800629fc	984	DEAD_800629fc
80062dd4	1008	FUN_80062dd4
800631c4	224	FUN_800631c4
800632a4	444	FUN_800632a4
80063460	100	FUN_80063460
800634c4	976	DEAD_800634c4
80063894	1008	FUN_80063894
80063c84	224	FUN_80063c84
80063d64	444	FUN_80063d64
80063f20	100	FUN_80063f20
80063f84	920	DEAD_80063f84
8006431c	1008	FUN_8006431c
8006470c	224	FUN_8006470c
800647ec	444	FUN_800647ec
800649a8	100	FUN_800649a8
80064a0c	928	DEAD_80064a0c
80064dac	1008	FUN_80064dac
8006519c	224	FUN_8006519c
8006527c	444	FUN_8006527c
80065438	100	FUN_80065438
8006549c	1024	DEAD_8006549c
8006589c	992	FUN_8006589c
80065c7c	304	FUN_80065c7c
80065dac	332	FUN_80065dac
80065ef8	232	FUN_80065ef8
80065fe0	1020	DEAD_80065fe0
800663dc	992	FUN_800663dc
800667bc	304	FUN_800667bc
800668ec	332	FUN_800668ec
80066a38	232	FUN_80066a38
80066b20	868	DEAD_80066b20
80066e84	992	FUN_80066e84
80067264	304	FUN_80067264
80067394	332	FUN_80067394
800674e0	232	FUN_800674e0
800675c8	920	DEAD_800675c8
80067960	992	FUN_80067960
80067d40	304	FUN_80067d40
80067e70	332	FUN_80067e70
80067fbc	232	FUN_80067fbc
800680a4	900	DEAD_800680a4
80068428	908	FUN_80068428
800687b4	244	FUN_800687b4
800688a8	332	FUN_800688a8
800689f4	180	FUN_800689f4
80068aa8	912	DEAD_80068aa8
80068e38	908	FUN_80068e38
800691c4	244	FUN_800691c4
800692b8	332	FUN_800692b8
80069404	180	FUN_80069404
800694b8	792	DEAD_800694b8
800697d0	908	FUN_800697d0
80069b5c	244	FUN_80069b5c
80069c50	332	FUN_80069c50
80069d9c	180	FUN_80069d9c
80069e50	828	DEAD_80069e50
8006a18c	908	FUN_8006a18c
8006a518	244	FUN_8006a518
8006a60c	332	FUN_8006a60c
8006a758	180	FUN_8006a758
8006a80c	8	DEAD_8006a80c
8006a814	508	GsTMDfastG3GL
8006aa10	4	DEAD_8006aa10
8006aa14	508	GsTMDfastG3GLFG
8006ac10	4	DEAD_8006ac10
8006ac14	356	GsTMDfastG3GNL
8006ad78	920	DEAD_8006ad78
8006b110	904	FUN_8006b110
8006b498	280	FUN_8006b498
8006b5b0	332	FUN_8006b5b0
8006b6fc	148	FUN_8006b6fc
8006b790	912	DEAD_8006b790
8006bb20	904	FUN_8006bb20
8006bea8	280	FUN_8006bea8
8006bfc0	332	FUN_8006bfc0
8006c10c	148	FUN_8006c10c
8006c1a0	860	DEAD_8006c1a0
8006c4fc	904	FUN_8006c4fc
8006c884	280	FUN_8006c884
8006c99c	332	FUN_8006c99c
8006cae8	148	FUN_8006cae8
8006cb7c	852	DEAD_8006cb7c
8006ced0	904	FUN_8006ced0
8006d258	280	FUN_8006d258
8006d370	332	FUN_8006d370
8006d4bc	148	FUN_8006d4bc
8006d550	828	DEAD_8006d550
8006d88c	828	FUN_8006d88c
8006dbc8	224	FUN_8006dbc8
8006dca8	332	FUN_8006dca8
8006ddf4	100	FUN_8006ddf4
8006de58	836	DEAD_8006de58
8006e19c	828	FUN_8006e19c
8006e4d8	224	FUN_8006e4d8
8006e5b8	332	FUN_8006e5b8
8006e704	100	FUN_8006e704
8006e768	760	DEAD_8006e768
8006ea60	828	FUN_8006ea60
8006ed9c	224	FUN_8006ed9c
8006ee7c	332	FUN_8006ee7c
8006efc8	100	FUN_8006efc8
8006f02c	756	DEAD_8006f02c
8006f320	828	FUN_8006f320
8006f65c	224	FUN_8006f65c
8006f73c	332	FUN_8006f73c
8006f888	100	FUN_8006f888
8006f8ec	8	DEAD_8006f8ec
8006f8f4	532	GsTMDfastF3GL
8006fb08	12	DEAD_8006fb08
8006fb14	532	GsTMDfastF3GLFG
8006fd28	12	DEAD_8006fd28
8006fd34	376	GsTMDfastF3GNL
8006feac	8	DEAD_8006feac
8006feb4	656	GsTMDfastF4GL
80070144	656	DEAD_80070144
800703d4	460	DEAD_800703d4
800705a0	4	DEAD_800705a0
800705a4	632	GsTMDfastG4GL
8007081c	8	DEAD_8007081c
80070824	632	GsTMDfastG4GLFG
80070a9c	8	DEAD_80070a9c
80070aa4	440	GsTMDfastG4GNL
80070c64	172	SsEnd
80070d14	48	SsInit
80070d44	240	_SsInit
80070e34	32	SsQuit
80070e54	192	SsSetSerialAttr
80070f14	80	SsSetMVol
80070f64	192	SSSTART_OBJ_0
80071024	176	SSSTART_OBJ_C0
800710d4	152	SSSTART_OBJ_170
8007116c	8	SSSTART_OBJ_208
80071174	8	SSSTART_OBJ_210
8007117c	24	SSSTART_OBJ_218
80071194	32	SsStart
800711b4	32	DEAD_800711b4
800711d4	76	DEAD_800711d4
80071220	56	DEAD_80071220
80071258	16	SSSTART_OBJ_2F4
80071274	116	SetRCnt
800712e8	32	COUNTER_OBJ_74
80071308	8	COUNTER_OBJ_94
80071310	48	GetRCnt
80071340	8	COUNTER_OBJ_CC
80071348	48	StartRCnt
80071378	52	StopRCnt
800713ac	44	ResetRCnt
800713d8	8	COUNTER_OBJ_164
800713e4	624	SsSeqCalledTbyT
80071654	784	_SsSndCrescendo
80071964	928	_SsSndDecrescendo
80071d04	152	_SsSndPause
80071da4	44	_SsSndPlay
80071dd4	220	_SsSeqPlay
80071eb0	4	MIDIREAD_OBJ_DC
80071eb4	28	MIDIREAD_OBJ_E0
80071ed0	264	_SsSeqGetEof
80071fd8	8	MIDIREAD_OBJ_204
800720a8	84	MIDIREAD_OBJ_2D4
800720fc	24	MIDIREAD_OBJ_328
80072114	696	_SsGetSeqData
800723cc	16	MIDIREAD_OBJ_5F8
80072428	28	MIDIREAD_OBJ_654
8007247c	20	MIDIREAD_OBJ_6A8
80072490	12	MIDIREAD_OBJ_6BC
8007249c	36	MIDIREAD_OBJ_6C8
800724c4	164	_SsReadDeltaValue
80072574	252	_SsSndNextSep
80072674	96	_SsSndReplay
800726d4	384	_SsSndStop
80072854	40	SsSeqStop
8007287c	44	SsSepStop
800728b4	260	SsSetSerialVol
800729c4	328	SsSetTickMode
80072b14	292	_SsSndTempo
80072c38	12	TEMPO_OBJ_124
80072c44	212	TEMPO_OBJ_130
80072d18	24	TEMPO_OBJ_204
80072d34	320	SsUtAllKeyOff
80072e74	100	SsUtAutoPan
80072ee4	864	SsUtKeyOnV
80073244	116	SsUtKeyOffV
800732c4	480	_SsVmDoAllocate
800734a4	620	SeAutoPan
80073710	856	SetAutoPan
80073a74	12	_SsVmDamperOff
80073a84	1156	_SsVmFlush
80073f14	836	_SsVmInit
80074258	224	note2pitch
80074338	264	note2pitch2
80074440	216	SsPitchFromNote
80074524	1408	vmNoiseOn
80074aa4	204	_SsVmKeyOffNow
80074b74	1232	_SsVmKeyOnNow
80075044	1412	_SsVmSetSeqVol
800755c8	100	_SsVmGetSeqVol
8007562c	72	_SsVmGetSeqLVol
80075674	72	_SsVmGetSeqRVol
800756bc	184	_SsVmSeqKeyOff
80075774	184	_SsVmVSetUp
8007582c	8	VM_VSU_OBJ_B8
80075834	16	SsSetMono
80075844	16	SsSetStereo
80075854	128	SsVabClose
800758d4	48	SsVabOpenHead
80075904	48	SsVabOpenHeadSticky
80075934	48	SsVabFakeHead
80075964	972	FUN_80075964
80075d34	184	SsVabTransBody
80075df4	40	SsVabTransCompleted
80075e24	32	SpuInit
80075e44	232	_SpuInit
80075f2c	112	SpuStart
80075fa4	12	OpenEvent
80075fb4	12	EnableEvent
80075fc4	212	_spu_init
80076098	428	SPU_OBJ_D4
80076244	272	SPU_OBJ_280
80076354	148	SPU_OBJ_390
800763e8	28	SPU_OBJ_424
80076404	172	DEAD_80076404
800764b0	16	SPU_OBJ_4EC
800764c0	168	DEAD_800764c0
80076568	488	_spu_t
80076750	136	SPU_OBJ_78C
800767d8	16	SPU_OBJ_814
800767e8	112	_spu_Fw
80076858	20	SPU_OBJ_894
8007686c	100	DEAD_8007686c
800768d0	60	_spu_FsetRXX
8007690c	8	SPU_OBJ_948
80076914	156	_spu_FsetRXXa
800769b0	8	SPU_OBJ_9EC
800769b8	52	DEAD_800769b8
800769ec	8	SPU_OBJ_A28
800769f4	76	DEAD_800769f4
80076a40	12	SPU_OBJ_A7C
80076a4c	40	SPU_OBJ_A88
80076a74	40	SPU_OBJ_AB0
80076a9c	64	_spu_Fw1ts
80076adc	28	SPU_OBJ_B18
80076b04	36	FUN_80076b04
80076b34	116	FUN_80076b34
80076bb4	12	CloseEvent
80076bc4	12	DisableEvent
80076bd4	84	FUN_80076bd4
80076c34	84	SpuMalloc
80076c88	216	S_M_M_OBJ_54
80076d60	380	S_M_M_OBJ_12C
80076edc	28	S_M_M_OBJ_2A8
80076f04	84	_spu_gcSPU
80076f58	112	S_M_INT_OBJ_54
80076fc8	428	S_M_INT_OBJ_C4
80077174	144	S_M_INT_OBJ_270
80077204	124	SpuFree
80077284	36	FUN_80077284
800772b4	304	_SpuSetAnyVoice
800773e4	16	S_SAV_OBJ_130
800774b4	20	S_SAV_OBJ_200
80077558	8	S_SAV_OBJ_2A4
80077560	8	S_SAV_OBJ_2AC
80077568	8	S_SAV_OBJ_2B4
80077574	72	FUN_80077574
800775c4	36	FUN_800775c4
800775f4	444	FUN_800775f4
800777b4	92	SpuWrite
80077814	76	SpuSetTransferStartAddr
80077860	16	S_STSA_OBJ_4C
80077874	48	FUN_80077874
800778a4	164	FUN_800778a4
80077954	12	TestEvent
80077964	40	FUN_80077964
8007798c	24	FUN_8007798c
800779a4	892	FUN_800779a4
80077d24	316	SpuSetVoiceAttr
80077e60	8	S_SVA_OBJ_13C
80077e68	8	S_SVA_OBJ_144
80077e70	8	S_SVA_OBJ_14C
80077e78	8	S_SVA_OBJ_154
80077e80	8	S_SVA_OBJ_15C
80077e88	8	S_SVA_OBJ_164
80077e90	4	S_SVA_OBJ_16C
80077e94	48	S_SVA_OBJ_170
80077ec4	124	S_SVA_OBJ_1A0
80077f40	8	S_SVA_OBJ_21C
80077f48	8	S_SVA_OBJ_224
80077f50	8	S_SVA_OBJ_22C
80077f58	8	S_SVA_OBJ_234
80077f60	8	S_SVA_OBJ_23C
80077f68	8	S_SVA_OBJ_244
80077f70	4	S_SVA_OBJ_24C
80077f74	48	S_SVA_OBJ_250
80077fa4	512	S_SVA_OBJ_280
800781a4	320	S_SVA_OBJ_480
800782e4	56	S_SVA_OBJ_5C0
8007831c	148	DEAD_8007831c
800783b0	312	FUN_800783b0
800784e8	296	DEAD_800784e8
80078614	28	FUN_80078614
80078630	4	DEAD_80078630
8007863c	24	puts
80078654	12	strcat
80078664	12	strcmp
80078674	12	strncmp
80078684	12	strcpy
80078694	12	strlen
800786a4	12	memcpy
800786b4	12	memset
800786c4	12	rand
800786d4	12	printf
800786e4	148	sprintf
80078778	300	SPRINTF_OBJ_94
800788a4	156	SPRINTF_OBJ_1C0
80078940	68	SPRINTF_OBJ_25C
80078984	36	SPRINTF_OBJ_2A0
800789a8	12	SPRINTF_OBJ_2C4
800789b4	12	SPRINTF_OBJ_2D0
800789c0	12	SPRINTF_OBJ_2DC
800789cc	32	SPRINTF_OBJ_2E8
800789ec	88	SPRINTF_OBJ_308
80078a44	52	SPRINTF_OBJ_360
80078a78	236	SPRINTF_OBJ_394
80078b64	256	SPRINTF_OBJ_480
80078c64	20	SPRINTF_OBJ_580
80078c78	12	SPRINTF_OBJ_594
80078c84	8	SPRINTF_OBJ_5A0
80078c8c	256	SPRINTF_OBJ_5A8
80078d8c	32	SPRINTF_OBJ_6A8
80078dac	140	SPRINTF_OBJ_6C8
80078e38	52	SPRINTF_OBJ_754
80078e6c	24	SPRINTF_OBJ_788
80078e84	140	SPRINTF_OBJ_7A0
80078f10	88	SPRINTF_OBJ_82C
80078f74	12	memchr
80078f84	100	memmove
80078fe8	8	MEMMOVE_OBJ_64
80078ff4	60	rsin
80079030	144	FUN_80079030
800790c4	160	rcos
80079166	4	DEAD_80079166
8007916c	128	FUN_8007916c
800791f4	132	SquareRoot0
80079278	12	DEAD_80079278
80079284	140	InvSquareRoot
80079310	20	VectorNormalS
80079324	48	DEAD_80079324
80079354	48	VectorNormalSS
80079384	192	MSC02_OBJ_100
80079444	232	DEAD_80079444
80079534	268	MulMatrix0
80079644	352	ApplyMatrixLV
800797a4	164	PushMatrix
80079848	164	PopMatrix
800798f4	312	ApplyRotMatrixLV
80079a34	268	MulMatrix
80079b44	268	MulMatrix2
80079c54	80	ApplyMatrix
80079ca4	92	ApplyMatrixSV
80079d04	36	FUN_80079d04
80079d34	312	ScaleMatrix
80079e74	48	SetRotMatrix
80079ea4	48	SetLightMatrix
80079ed4	48	SetColorMatrix
80079f04	32	SetTransMatrix
80079f24	16	SetVertex0
80079f34	16	SetVertex1
80079f44	16	SetVertex2
80079f54	32	SetVertexTri
80079f74	20	DEAD_80079f74
80079f88	20	DEAD_80079f88
80079f9c	12	DEAD_80079f9c
80079fa8	20	DEAD_80079fa8
80079fbc	24	DEAD_80079fbc
80079fd4	20	DEAD_80079fd4
80079fe8	20	DEAD_80079fe8
80079ffc	20	DEAD_80079ffc
8007a010	12	DEAD_8007a010
8007a01c	12	SetDQA
8007a028	12	SetDQB
8007a034	12	FUN_8007a034
8007a044	32	FUN_8007a044
8007a064	32	FUN_8007a064
8007a084	24	FUN_8007a084
8007a0a4	12	FUN_8007a0a4
8007a0b4	44	RotTransPers
8007a0e4	40	RotTrans
8007a114	120	RotTransPers4
8007a194	64	TransposeMatrix
8007a1d4	652	RotMatrix
8007a464	652	RotMatrixYXZ
8007a6f0	320	GsTMDfastNF3
8007a830	320	GsTMDfastF3NL
8007a970	328	GsTMDfastF3L
8007aab8	328	GsTMDfastF3LFG
8007ac00	364	GsTMDfastNF4
8007ad6c	364	GsTMDfastF4NL
8007aed8	376	GsTMDfastF4L
8007b050	376	GsTMDfastF4LFG
8007b1c8	340	GsTMDfastNG3
8007b31c	320	GsTMDfastG3NL
8007b45c	400	GsTMDfastG3L
8007b5ec	400	GsTMDfastG3LFG
8007b77c	8	GsTMDfastNG4
8007b784	384	GsTMDfastNG4
8007b904	372	GsTMDfastG4NL
8007ba78	480	GsTMDfastG4L
8007bc58	480	GsTMDfastG4LFG
8007be38	376	GsTMDfastTNF3
8007bfb0	356	GsTMDfastTF3NL
8007c114	368	GsTMDfastTF3L
8007c284	368	GsTMDfastTF3LFG
8007c3f4	416	GsTMDfastTNF4
8007c594	412	GsTMDfastTF4NL
8007c730	428	GsTMDfastTF4L
8007c8dc	428	GsTMDfastTF4LFG
8007ca88	388	GsTMDfastTNG3
8007cc0c	348	GsTMDfastTG3NL
8007cd68	436	GsTMDfastTG3L
8007cf1c	436	GsTMDfastTG3LFG
8007d0d0	448	GsTMDfastTNG4
8007d290	408	GsTMDfastTG4NL
8007d428	524	GsTMDfastTG4L
8007d634	524	GsTMDfastTG4LFG
8007d844	372	ratan2
8007d9c4	172	FUN_8007d9c4
8007da78	16	DEAD_8007da78
8007daa4	12	FlushCache
8007dab4	376	VSync
8007dc2c	152	FUN_8007dc2c
8007dcc4	12	ChangeClearRCnt
8007dcd4	48	ResetCallback
8007dd04	48	InterruptCallback
8007dd34	48	DMACallback
8007dd64	52	VSyncCallback
8007dd98	48	VSyncCallbacks
8007ddc8	48	StopCallback
8007ddf8	48	RestartCallback
8007de28	16	CheckCallback
8007de38	24	DEAD_8007de38
8007de50	24	SetIntrMask
8007de68	216	INTR_OBJ_194
8007df40	420	INTR_OBJ_26C
8007e0e4	44	INTR_OBJ_410
8007e110	176	INTR_OBJ_43C
8007e1c0	152	INTR_OBJ_4EC
8007e258	160	INTR_OBJ_584
8007e2f8	104	INTR_OBJ_624
8007e360	16	INTR_OBJ_68C
8007e370	36	INTR_OBJ_69C
8007e39c	12	FUN_8007e39c
8007e3b4	12	ReturnFromException
8007e3c4	12	ResetEntryInt
8007e3d4	12	HookEntryInt
8007e3e4	12	setjmp
8007e3f4	88	FUN_8007e3f4
8007e44c	108	DEAD_8007e44c
8007e4b8	44	DEAD_8007e4b8
8007e4e4	36	FUN_8007e4e4
8007e514	76	startIntrDMA
8007e560	384	DEAD_8007e560
8007e6e0	164	DEAD_8007e6e0
8007e784	8	INTR_DMA_OBJ_270
8007e78c	36	INTR_DMA_OBJ_278
8007e7b0	24	DEAD_8007e7b0
8007e7c8	16	FUN_8007e7c8
8007e7d8	12	DEAD_8007e7d8
8007e7e4	64	SetDumpFnt
8007e824	160	FntLoad
8007e8c4	696	FntOpen
8007eb7c	796	FntFlush
8007ee98	960	FntPrint
8007f264	232	LoadTPage
8007f34c	100	LoadClut
8007f3b0	100	LoadClut2
8007f414	180	SetDefDrawEnv
8007f4c8	60	SetDefDispEnv
8007f504	320	FUN_8007f504
8007f644	608	FUN_8007f644
8007f8a4	780	KanjiFntOpen
8007fbb0	28	KanjiFntClose
8007fbcc	960	KanjiFntFlush
8007ff8c	1048	KanjiFntPrint
800803a4	12	bcopy
800803b4	12	bzero
800803c4	60	GetTPage
80080400	24	GetClut
80080418	96	DumpTPage
80080478	64	DumpClut
800804b8	28	NextPrim
800804d4	28	IsEndPrim
800804f0	60	AddPrim
8008052c	60	AddPrims
80080568	36	CatPrim
8008058c	24	TermPrim
800805a4	40	SetSemiTrans
800805cc	40	SetShadeTex
800805f4	20	SetPolyF3
80080608	20	SetPolyFT3
8008061c	20	SetPolyG3
80080630	20	SetPolyGT3
80080644	20	SetPolyF4
80080658	20	SetPolyFT4
8008066c	20	SetPolyG4
80080680	20	SetPolyGT4
80080694	20	SetSprt8
800806a8	20	SetSprt16
800806bc	20	SetSprt
800806d0	20	SetTile1
800806e4	20	SetTile8
800806f8	20	SetTile16
8008070c	20	SetTile
80080720	20	SetLineF2
80080734	20	SetLineG2
80080748	32	SetLineF3
80080768	32	SetLineG3
80080788	32	SetLineF4
800807a8	32	SetLineG4
800807c8	44	SetDrawTPage
800807f4	96	SetDrawMove
80080854	108	SetDrawLoad
800808c0	56	MargePrim
800808f8	260	DumpDrawEnv
800809fc	160	DumpDispEnv
80080aa4	372	ResetGraph
80080c18	92	SetGraphDebug
80080c74	164	SetGraphQueue
80080d18	16	GetGraphDebug
80080d28	96	DrawSyncCallback
80080d88	152	SetDispMask
80080e20	104	DrawSync
80080e88	284	FUN_80080e88
80080fa4	144	ClearImage
80081034	152	ClearImage2
800810cc	96	LoadImage
8008112c	96	StoreImage
8008118c	184	MoveImage
80081244	200	ClearOTag
8008130c	172	ClearOTagR
800813b8	92	DrawPrim
80081414	112	DrawOTag
80081484	192	PutDrawEnv
80081544	216	DrawOTagEnv
8008161c	52	GetDrawEnv
80081650	1076	PutDispEnv
80081a84	52	GetDispEnv
80081ab8	48	GetODE
80081ae8	56	SetTexWindow
80081b20	128	SetDrawArea
80081ba0	64	SetDrawOffset
80081be0	40	SetPriority
80081c08	40	SetDrawStp
80081c30	84	SetDrawMode
80081c84	504	DEAD_80081c84
80081e7c	624	FUN_80081e7c
800820ec	32	FUN_800820ec
8008210c	152	FUN_8008210c
800821a4	152	FUN_800821a4
8008223c	28	FUN_8008223c
80082258	128	FUN_80082258
800822d8	24	FUN_800822d8
800822f0	224	FUN_800822f0
800823d0	560	DEAD_800823d0
80082600	572	FUN_80082600
8008283c	640	FUN_8008283c
80082abc	36	FUN_80082abc
80082ae0	20	DEAD_80082ae0
80082af4	64	FUN_80082af4
80082b34	72	FUN_80082b34
80082b7c	48	FUN_80082b7c
80082bac	36	DEAD_80082bac
80082bd0	688	FUN_80082bd0
80082e80	608	FUN_80082e80
800830e0	336	FUN_800830e0
80083230	316	FUN_80083230
8008336c	52	FUN_8008336c
800833a0	324	FUN_800833a0
800834e4	160	FUN_800834e4
80083584	236	LoadImage2
80083670	236	StoreImage2
8008375c	324	MoveImage2
800838a0	252	DEAD_800838a0
8008399c	40	DEAD_8008399c
800839c4	36	FUN_800839c4
800839f4	12	GPU_cw
80083a00	176	Krom2RawAdd2
80083ab0	1324	kanjitrans
80083fdc	308	hankanjitrans
80084114	52	DecDCTReset
80084148	140	DecDCTGetEnv
800841d4	152	DecDCTPutEnv
8008426c	12	DecDCTBufSize
80084278	124	DecDCTin
800842f4	32	DecDCTout
80084314	60	DecDCTinSync
80084350	60	DecDCToutSync
8008438c	36	DEAD_8008438c
800843b0	36	FUN_800843b0
800843d4	240	FUN_800843d4
800844c4	144	FUN_800844c4
80084554	140	FUN_80084554
800845e0	148	FUN_800845e0
80084674	148	FUN_80084674
80084708	24	FUN_80084708
80084720	300	FUN_80084720
8008484c	8	DEAD_8008484c
80084858	48	DEAD_80084858
80084888	828	FUN_80084888
80084bc4	172	DecDCTvlcBuild
80084c70	56	BUILD_OBJ_AC
80084cb4	44	MemCardInit
80084ce0	32	MemCardEnd
80084d00	80	MemCardStart
80084d50	64	MemCardStop
80084d90	104	MemCardExist
80084df8	492	DEAD_80084df8
80084fe4	104	MemCardAccept
8008504c	508	DEAD_8008504c
80085248	384	MemCardOpen
800853c8	68	MemCardClose
8008540c	164	MemCardReadData
800854b0	332	DEAD_800854b0
800855fc	164	MemCardWriteData
800856a0	332	DEAD_800856a0
800857ec	260	MemCardReadFile
800858f0	412	DEAD_800858f0
80085a8c	260	MemCardWriteFile
80085b90	412	DEAD_80085b90
80085d2c	596	MemCardGetDirentry
80085f80	20	MemCardCallback
80085f94	284	MemCardSync
800860b0	520	MemCardCreateFile
800862b8	444	MemCardDeleteFile
80086474	140	MemCardFormat
80086500	180	MemCardUnformat
800865b4	84	FUN_800865b4
80086608	132	DEAD_80086608
8008668c	92	FUN_8008668c
800866e8	20	funcEvSpIOE
800866fc	20	funcEvSpError
80086710	20	funcEvSpTimeout
80086724	20	funcEvSpNewcard
80086738	20	funcEvSpIOEx
8008674c	20	funcEvSpErrorx
80086760	20	funcEvSpTimeoutx
80086774	20	funcEvSpNewcardx
80086788	48	_card_open
800867b8	476	_card_start
80086994	32	FUN_80086994
800869b4	180	FUN_800869b4
80086a68	264	_clr_card_event
80086b70	216	FUN_80086b70
80086c48	216	FUN_80086c48
80086d20	60	FUN_80086d20
80086d5c	60	FUN_80086d5c
80086da4	12	_bu_init
80086db4	12	open
80086dc4	12	lseek
80086dd4	12	read
80086de4	12	write
80086df4	12	close
80086e04	12	format
80086e14	12	firstfile2
80086e24	12	nextfile
80086e34	12	erase
80086e44	12	_card_info
80086e54	12	_card_load
80086e64	12	_card_write
80086e74	12	_new_card
80086e84	52	_card_clear
80086ec4	108	InitCARD
80086f30	56	StartCARD
80086f68	40	StopCARD
80086f90	16	DEAD_80086f90
80086fa0	16	ReadInitPadFlag
80086fb0	144	PAD_init
80087040	144	InitPAD
800870d0	48	StartPAD
80087100	56	StopPAD
80087138	120	FUN_80087138
800871b0	56	FUN_800871b0
800871e8	104	DEAD_800871e8
80087250	64	DEAD_80087250
80087294	12	InitPAD2
800872a4	12	StartPAD2
800872b4	12	StopPAD2
800872c4	12	PAD_init2
800872d4	12	SysEnqIntRP
800872e4	12	SysDeqIntRP
800872f4	20	EnablePAD
80087308	20	DisablePAD
8008731c	112	_patch_pad
80087394	104	_remove_ChgclrPAD
80087404	12	InitCARD2
80087414	12	StartCARD2
80087424	12	StopCARD2
80087430	4	DEAD_80087430
8008743c	36	DEAD_8008743c
80087460	68	DEAD_80087460
800874ac	8	DEAD_800874ac
800874b4	4	DEAD_800874b4
800874cc	148	_patch_card
80087560	112	_patch_card2
800875d0	52	_copy_memcard_patch
80087604	112	_ExitCard
80087684	16	UserFuncInit
80087694	124	UserFuncOpen
80087710	108	UserFuncExecute
8008777c	24	UserFuncComplete
80087794	32	PadChkVsync
800877b4	32	PadStartCom
800877d4	32	PadStopCom
800877f4	88	PadChkMtap
8008784c	192	PadGetState
8008790c	248	PadInfoMode
80087a04	212	PadInfoAct
80087ad8	168	PadInfoComb
80087b80	56	PadSetActAlign
80087bb8	72	PadSetMainMode
80087c00	72	PadSetAct
80087c48	292	DEAD_80087c48
80087d6c	44	FUN_80087d6c
80087d98	104	DEAD_80087d98
80087e00	412	DEAD_80087e00
80087f9c	20	FUN_80087f9c
80087fb0	204	PadStartCom
8008807c	68	FUN_8008807c
800880c0	104	FUN_800880c0
80088128	280	FUN_80088128
80088240	132	FUN_80088240
800882c4	400	FUN_800882c4
80088454	84	FUN_80088454
800884a8	144	FUN_800884a8
80088538	40	FUN_80088538
80088564	12	SetInitPadFlag
80088570	16	DEAD_80088570
80088580	132	FUN_80088580
80088604	332	FUN_80088604
80088750	56	FUN_80088750
80088788	212	FUN_80088788
8008885c	168	DEAD_8008885c
80088904	628	DEAD_80088904
80088b78	104	FUN_80088b78
80088be0	28	DEAD_80088be0
80088bfc	200	DEAD_80088bfc
80088cc4	152	FUN_80088cc4
80088d5c	84	DEAD_80088d5c
80088db0	108	DEAD_80088db0
80088e1c	32	FUN_80088e1c
80088e3c	20	FUN_80088e3c
80088e50	32	FUN_80088e50
80088e70	32	FUN_80088e70
80088e90	32	FUN_80088e90
80088eb0	20	FUN_80088eb0
80088ec4	32	DEAD_80088ec4
80088ee4	60	DEAD_80088ee4
80088f20	104	DEAD_80088f20
80088f88	48	DEAD_80088f88
80088fb8	160	DEAD_80088fb8
80089064	336	PadInitDirect
800891b4	104	DEAD_800891b4
8008921c	216	DEAD_8008921c
800892f4	188	DEAD_800892f4
800893b0	636	DEAD_800893b0
8008962c	56	DEAD_8008962c
80089664	32	DEAD_80089664
80089684	36	FUN_80089684
800896a8	200	DEAD_800896a8
80089770	612	FUN_80089770
800899d4	216	FUN_800899d4
80089aac	44	FUN_80089aac
80089ae4	28	FUN_80089ae4
80089b00	184	FUN_80089b00
80089bb8	32	DEAD_80089bb8
80089bd8	20	FUN_80089bd8
80089bec	20	DEAD_80089bec
80089c00	36	FUN_80089c00
80089c24	32	getshort
80089c44	64	getlong
80089c84	108	AfsFilenameFix
80089cf0	224	AfsOpenVolume
80089dd0	124	AfsGetHeader
80089e4c	496	AfsGetEntry
8008a03c	108	AfsInit
8008a0a8	176	AfsOpen
8008a158	60	AfsClose
8008a194	68	AfsFileSize
8008a1d8	216	AfsRead
8008a2b0	200	subAfsFindFile
8008a378	300	AfsFindFile
8008a4a4	12	strncpy
8008a4b4	12	toupper
8008a4c4	8	AdtDmyPadRead
8008a4cc	20	AdtQuiet
8008a4e0	140	AdtFntOpen
8008a56c	68	AdtFntLoad
8008a5b0	360	AdtGetDisp
8008a718	148	AdtReleaseDisp
8008a7ac	624	AdtMessageBox
8008aa1c	332	AdtVsprintf
8008ab68	804	AdtSelect
8008ae8c	40	cd_init
8008aeb4	100	cd_control
8008af18	84	selecthandle
8008af6c	96	WaitCd
8008afcc	224	cd_open
8008b0ac	56	cd_close
8008b0e4	164	cd_seek
8008b188	56	cd_tell
8008b1c0	56	cd_getsize
8008b1f8	396	cd_read
