#addr	size	name
0x80015940	708	FUN_80015940
0x80015c04	572	FUN_80015c04
0x80015e40	2592	FUN_80015e40
0x80016860	280	FUN_80016860
0x80016978	460	FUN_80016978
0x80016b44	340	FUN_80016b44
0x80016c98	528	FUN_80016c98
0x80016ea8	572	FUN_80016ea8
0x800170e4	480	FUN_800170e4
0x800172c4	1020	FUN_800172c4
0x800176c0	552	FUN_800176c0
0x800178e8	748	FUN_800178e8
0x80017bd4	1616	FUN_80017bd4
0x80018224	432	FUN_80018224
0x800183d4	248	FUN_800183d4
0x800184cc	916	FUN_800184cc
0x80018860	304	FUN_80018860
0x80018990	816	FUN_80018990
0x80018cc0	2520	FUN_80018cc0
0x80019698	284	FUN_80019698
0x800197b4	352	FUN_800197b4
0x80019914	276	FUN_80019914
0x80019a28	220	FUN_80019a28
0x80019b04	16	FUN_80019b04
0x80019b14	64	FUN_80019b14
0x80019b54	108	FUN_80019b54
0x80019bc0	36	FUN_80019bc0
0x80019be4	52	FUN_80019be4
0x80019c18	68	FUN_80019c18
0x80019c5c	84	FUN_80019c5c
0x80019cb0	152	FUN_80019cb0
0x80019d48	252	FUN_80019d48
0x80019e44	40	FUN_80019e44
0x80019e6c	104	FUN_80019e6c
0x80019ed4	208	FUN_80019ed4
0x80019fa4	44	FUN_80019fa4
0x80019fd0	104	FUN_80019fd0
0x8001a038	248	FUN_8001a038
0x8001a130	148	FUN_8001a130
0x8001a1c4	460	valloc
0x8001a390	516	vrealloc
0x8001a594	780	vmemoryGC
0x8001a8a0	84	vinit
0x8001a8f4	76	vgetmaxsize
0x8001a940	68	vgetfreesize
0x8001a984	80	vcalloc
0x8001a9d4	260	vfree
0x8001aad8	12	FUN_8001aad8
0x8001aae4	8	FUN_8001aae4
0x8001aaec	420	FUN_8001aaec
0x8001ac90	556	EndDrawing
0x8001aebc	332	DrawModel
0x8001b008	760	LoadModelArchive
0x8001b300	488	DrawModelArchive
0x8001b4e8	420	CreateCloneModelArchive
0x8001b68c	464	SetupSprite
0x8001b85c	444	DrawSprite
0x8001ba18	1072	SetupBG
0x8001be48	140	FUN_8001be48
0x8001bed4	48	FUN_8001bed4
0x8001bf04	48	FUN_8001bf04
0x8001bf34	120	GetAbsolutePosition
0x8001bfac	296	DrawClip
0x8001c0d4	176	LoadModel
0x8001c184	36	FUN_8001c184
0x8001c1a8	160	CreateCloneModel
0x8001c248	136	DisposeModelArchive
0x8001c2d0	144	LoadOrnament
0x8001c360	68	DrawOrnament
0x8001c3a4	36	FUN_8001c3a4
0x8001c3c8	128	CreateCloneOrnament
0x8001c448	92	UpdateOrnament
0x8001c4a4	68	DrawBG
0x8001c4e8	80	DisposeBG
0x8001c538	44	FUN_8001c538
0x8001c564	44	FUN_8001c564
0x8001c590	176	LoadTIM
0x8001c640	272	FUN_8001c640
0x8001c750	32	GetTIMInfo
0x8001c770	124	GetTIMpackInfo
0x8001c7ec	284	PlaySE
0x8001c908	104	InitSoundEffect
0x8001c970	184	SetupSE
0x8001ca28	76	DisposeSE
0x8001ca74	880	FUN_8001ca74
0x8001cde4	112	FUN_8001cde4
0x8001ce54	184	FUN_8001ce54
0x8001cf0c	212	FUN_8001cf0c
0x8001cfe0	124	FileWrite
0x8001d05c	172	LoadExecEx
0x8001d108	12	FUN_8001d108
0x8001d114	256	LoadFromDEVPC
0x8001d214	288	LoadFromCDROM
0x8001d334	60	PrepareAccess
0x8001d370	200	LoadAreaMap
0x8001d438	420	ComputeAreaLevel
0x8001d5dc	1168	GetAreaMapLevel
0x8001da6c	548	GetAreaMapVector
0x8001dc90	580	GetAreaMapPassage
0x8001ded4	316	InitConflict
0x8001e010	312	InsertConflict
0x8001e148	268	DeleteConflict
0x8001e254	816	ComputeAllConflict
0x8001e584	368	GetConflictResult
0x8001e6f4	60	DisposeAreaMap
0x8001e730	480	ComPad
0x8001e910	368	PadProc
0x8001ea80	292	GetCommand
0x8001eba4	268	SetCommand
0x8001ecb0	48	GetPad
0x8001ece0	48	FUN_8001ece0
0x8001ed10	188	update_pressed_buttons
0x8001edcc	88	GetRealPad
0x8001ee24	60	FUN_8001ee24
0x8001ee60	112	FUN_8001ee60
0x8001eed0	160	InitPadControl
0x8001ef70	96	PadShock
0x8001efd0	28	FUN_8001efd0
0x8001efec	60	GetPadXY
0x8001f028	36	FUN_8001f028
0x8001f04c	52	FUN_8001f04c
0x8001f080	328	SearchMotion
0x8001f1c8	632	UpdateMotion
0x8001f440	336	HoldMotion
0x8001f590	984	SweepMotion
0x8001f968	452	ActiveMotion
0x8001fb2c	432	UpdateSplineControl
0x8001fcdc	336	GetSpline
0x8001fe2c	240	LoadMotion
0x8001ff1c	140	SetupMotionRegist
0x8001ffa8	156	SetupMotionManager
0x80020044	56	DisposeMotionManager
0x8002007c	116	GetMotionID
0x800200f0	188	PlayMotion
0x800201ac	240	SetupSpline
0x8002029c	220	FUN_8002029c
0x80020378	292	HumanActionControl
0x8002049c	840	FUN_8002049c
0x800207e4	488	FUN_800207e4
0x800209cc	1172	HangCheck
0x80020e60	256	StickonCheck
0x80020f60	584	JumpControl
0x800211a8	5848	DamageControl
0x80022880	1040	AttackControl
0x80022c90	420	AttackContinuousCheck
0x80022e34	644	WeaponHitWeapon
0x800230b8	272	AttackBowControl
0x800231c8	300	handle_char_state_attacking_SEVEN_
0x800232f4	2304	ActNORMAL
0x80023bf4	860	ActMOVE
0x80023f50	3664	ActSWIM
0x80024da0	13436	ActENGAGE
0x8002821c	700	ActHANG
0x800284d8	4924	ActSQUAT
0x80029814	676	ActSYURI
0x80029ab8	572	ActITEM
0x80029cf4	1548	ActDAMAGE
0x8002a300	1688	ActDEAD
0x8002a998	176	SetNowMotion
0x8002aa48	196	NowReturnNormal
0x8002ab0c	48	dispose_weapon_data_of_char_
0x8002ab3c	280	FUN_8002ab3c
0x8002ac54	108	FUN_8002ac54
0x8002acc0	100	ReturnNormal
0x8002ad24	104	FUN_8002ad24
0x8002ad8c	380	AttackCancelControl
0x8002af08	108	AttackGunControl
0x8002af74	308	bow_shoot_logic
0x8002b0a8	168	AttackPQD
0x8002b150	232	AttackFire
0x8002b238	204	ItemControl
0x8002b304	508	CreateHumanoid
0x8002b500	292	KillHumanoid
0x8002b624	1324	FUN_8002b624
0x8002bb50	2588	FUN_8002bb50
0x8002c56c	1144	FUN_8002c56c
0x8002c9e4	868	FUN_8002c9e4
0x8002cd48	140	FUN_8002cd48
0x8002cdd4	260	update_something_for_each_visible_enemy_
0x8002ced8	112	GetHumanoid
0x8002cf48	80	is_character_state_present_on_stage_
0x8002cf98	308	MoveHumanoid
0x8002d0cc	204	GetMoveSpeed
0x8002d198	104	GetDirection
0x8002d200	208	GetTargetDistance
0x8002d2d0	364	GetNearestHumanoid
0x8002d43c	224	FUN_8002d43c
0x8002d51c	940	SetupAppearance
0x8002d8c8	372	SetupCharacterParameter
0x8002da3c	620	FUN_8002da3c
0x8002dca8	500	GetWeaponData
0x8002de9c	1128	SetupWeapon
0x8002e304	140	GetAttackDBID
0x8002e390	104	DisposeWeapon
0x8002e3f8	240	EquipWeapon
0x8002e4e8	3776	FUN_8002e4e8
0x8002f3a8	480	turn_towards_player_
0x8002f588	328	ChasetoTarget
0x8002f6d0	1824	FUN_8002f6d0
0x8002fdf0	372	Think1random
0x8002ff64	356	Think1ninja
0x800300c8	1228	Think1chase
0x80030594	440	FUN_80030594
0x8003074c	316	Think3chase
0x80030888	1136	Think3attack
0x80030cf8	280	Think3escape
0x80030e10	844	Think3area
0x8003115c	388	Think3hitaway
0x800312e0	260	Think3firstattack
0x800313e4	268	ItemUse
0x800314f0	1668	AttackShort
0x80031b74	1444	AttackGeneral
0x80032118	1248	AttackLong
0x800325f8	848	AttackIndirect
0x80032948	228	AttackAnimal
0x80032a2c	380	FUN_80032a2c
0x80032ba8	384	Think4contact
0x80032d28	404	Think4chase
0x80032ebc	184	SetupThinkFunction
0x80032f74	280	FUN_80032f74
0x8003308c	176	Think1watch
0x8003313c	140	Think1sleep
0x800331c8	48	Think2confirm
0x800331f8	140	Think2contact
0x80033284	268	SuccessionAttack
0x80033390	468	SnapCameraTargetVector
0x80033564	792	FUN_80033564
0x8003387c	732	MakeDifSub
0x80033b58	692	AntiWall
0x80033e0c	296	FUN_80033e0c
0x80033f34	628	debug_output_edit_camera_settings
0x800341a8	660	MakeCameraPosition
0x8003443c	2628	CameraType1
0x80034e80	832	SetCameraMode
0x800351c0	632	Camera
0x80035438	860	CameraDirection
0x80035794	188	initialise_default_player_cameras_
0x80035850	252	MakeDif
0x8003594c	904	InitEffect
0x80035cd4	260	DrawTargetS
0x80035dd8	2160	DrawBlood
0x80036648	772	SetBlood
0x8003694c	504	DrawSmoke
0x80036b44	788	SetSmoke
0x80036e58	496	SetSmokeS
0x80037048	848	FUN_80037048
0x80037398	772	DrawImpact
0x8003769c	360	SetImpact
0x80037804	532	DrawBleed
0x80037a18	1108	SetBleeds
0x80037e6c	984	DrawSplash
0x80038244	556	DrawFrame
0x80038470	876	SetBleedsDir
0x800387dc	2328	FUN_800387dc
0x800390f4	832	FUN_800390f4
0x80039434	580	DrawFlyWire
0x80039678	984	SetFlyWire
0x80039a50	1488	SetWire
0x8003a020	896	FUN_8003a020
0x8003a3a0	520	death_camera_something_
0x8003a5a8	1120	DrawShadow
0x8003aa08	632	DrawAfterimage
0x8003ac80	416	FadeOutDirect
0x8003ae20	212	FUN_8003ae20
0x8003aef4	376	FUN_8003aef4
0x8003b06c	68	DisposeAfterimage
0x8003b0b0	260	SetupAfterimage
0x8003b1b4	8	FUN_8003b1b4
0x8003b1bc	16	FUN_8003b1bc
0x8003b1cc	196	SetFrame
0x8003b290	8	FUN_8003b290
0x8003b298	196	SetSplash
0x8003b35c	244	SetBleed
0x8003b450	248	FUN_8003b450
0x8003b548	8	FUN_8003b548
0x8003b550	204	DrawTarget
0x8003b61c	116	GetScreenPositionS
0x8003b690	60	PrepareGetScreenPositionS
0x8003b6cc	156	GetScreenPosition
0x8003b768	172	GetVectorRotation
0x8003b814	316	GetVectorDistance
0x8003b950	288	GetVectorLength
0x8003ba70	172	RotateVectorS
0x8003bb1c	172	RotateVector
0x8003bbc8	88	DrawEffect
0x8003bc20	64	FUN_8003bc20
0x8003bc60	392	CGetLevel
0x8003bde8	468	FUN_8003bde8
0x8003bfbc	408	FUN_8003bfbc
0x8003c154	352	FUN_8003c154
0x8003c2b4	256	DrawSpriteXYZ
0x8003c3b4	728	SearchItemTarget2
0x8003c68c	184	PackItemLayout
0x8003c744	324	InitializeItem
0x8003c888	1536	MoveKorogari
0x8003ce88	488	MoveFly
0x8003d070	664	SetupFly
0x8003d308	1112	ProcItemDrop
0x8003d760	472	ReqItemDrop
0x8003d938	1056	ProcSightShot
0x8003dd58	744	ProcKaginawa
0x8003e040	620	ProcItemMakibishi
0x8003e2ac	444	ReqItemMakibishi
0x8003e468	1432	ProcItemKusuri
0x8003ea00	372	ReqItemManebue
0x8003eb74	812	ProcItemGun
0x8003eea0	364	ReqItemGun
0x8003f00c	1672	ProcItemNapalm
0x8003f694	1012	ProcItemLaunch
0x8003fa88	440	UpdateItemState
0x8003fc40	324	ReqItemDefault
0x8003fd84	480	ReqItemLaunch
0x8003ff64	636	ArrangeLocalMatrix
0x800401e0	1328	ProcItemArrow
0x80040710	488	ReqItemArrow
0x800408f8	4724	FUN_800408f8
0x80041b6c	424	TurnAroundAllItems
0x80041d14	204	DoItemProc
0x80041de0	32	FUN_80041de0
0x80041e00	16	FUN_80041e00
0x80041e10	24	FUN_80041e10
0x80041e28	132	ReqItemStay
0x80041eac	128	FUN_80041eac
0x80041f2c	76	GetItemType
0x80041f78	228	GetFreeItemSlot
0x8004205c	152	ClearItemLayout
0x800420f4	240	ReqLifeBar
0x800421e4	212	FUN_800421e4
0x800422b8	344	FUN_800422b8
0x80042410	584	PutStrain
0x80042658	540	PutLifeBar
0x80042874	144	PutLifeBarS
0x80042904	504	PutItemList
0x80042afc	440	FUN_80042afc
0x80042cb4	540	FUN_80042cb4
0x80042ed0	384	FUN_80042ed0
0x80043050	40	FUN_80043050
0x80043078	80	PutItemCursor
0x800430c8	84	PutItemIcon
0x8004311c	176	PutNumber
0x800431cc	360	InitMisc
0x80043334	588	FUN_80043334
0x80043580	412	FUN_80043580
0x8004371c	1076	ProcMiscDoor
0x80043b50	868	ProcMiscPitfall
0x80043eb4	620	ProcMiscSnowfall
0x80044120	532	AddMisc
0x80044334	452	DoMiscProc
0x800444f8	92	ResetAllMisc
0x80044554	356	ProcMiscFire
0x800446b8	416	FUN_800446b8
0x80044858	252	ProcMiscSprite
0x80044954	3624	FUN_80044954
0x8004577c	4160	FUN_8004577c
0x800467bc	864	FUN_800467bc
0x80046b1c	540	FUN_80046b1c
0x80046d38	364	FUN_80046d38
0x80046ea4	436	FUN_80046ea4
0x80047058	376	FUN_80047058
0x800471d0	1248	FUN_800471d0
0x800476b0	628	FUN_800476b0
0x80047924	440	calculate_score
0x80047adc	144	FUN_80047adc
0x80047b6c	280	InitSprite
0x80047c84	288	SetupImageToPolyFT4
0x80047da4	324	SetupImageToPolyGT4
0x80047ee8	400	_PlayMusic
0x80048078	756	PlayVoice
0x8004836c	164	get_tim_from_archive
0x80048410	256	GetImage
0x80048510	208	GetArcData
0x800485e0	172	InitializeImage
0x8004868c	160	FUN_8004868c
0x8004872c	68	FUN_8004872c
0x80048770	176	PlayMusicFormID
0x80048820	52	FUN_80048820
0x80048854	176	FUN_80048854
0x80048904	68	FUN_8004f770
0x80048948	488	cbCheckCD
0x80048b30	356	CdaPlayXA
0x80048c94	128	CdaStop
0x80048d14	100	CdaGetCurrentLength
0x80048d78	16	FUN_80048d78
0x80048d88	20	FUN_80048d88
0x80048d9c	104	FUN_80048d9c
0x80048e04	512	SoundEx
0x80049004	192	SetupSoundEffect
0x800490c4	136	Sound
0x8004914c	288	check_for_known_button_combination
0x8004926c	476	FUN_8004926c
0x80049448	3604	FUN_80049448
0x8004a25c	800	FUN_8004a25c
0x8004a57c	1272	FUN_8004a57c
0x8004aa74	228	FUN_8004aa74
0x8004ab58	76	FUN_8004ab58
0x8004aba4	84	FUN_8004aba4
0x8004abf8	76	FUN_8004abf8
0x8004ac44	264	FUN_8004ac44
0x8004ad4c	72	FUN_8004ad4c
0x8004ad94	288	FUN_8004ad94
0x8004aeb4	288	FUN_8004aeb4
0x8004afd4	220	ResetInfoview
0x8004b0b0	676	FUN_8004b0b0
0x8004b354	412	FUN_8004b354
0x8004b4f0	200	FUN_8004b4f0
0x8004b5b8	56	FUN_8004b5b8
0x8004b5f0	56	FUN_8004b5f0
0x8004b628	148	FUN_8004b628
0x8004b6bc	84	FUN_8004b6bc
0x8004b710	84	DeleteCard
0x8004b764	56	FUN_8004b764
0x8004b79c	588	FUN_8004b79c
0x8004b9e8	352	FUN_8004b9e8
0x8004bb48	988	SetupTelop
0x8004bf24	1132	FUN_8004bf24
0x8004c390	76	load_font_image_into_global
0x8004c3dc	80	initialise_font
0x8004c42c	164	FUN_8004c42c
0x8004c4d0	388	FUN_8004c4d0
0x8004c654	624	jt_init4
0x8004c8c4	3796	FUN_8004c8c4
0x8004d798	540	FUN_8004d798
0x8004d9b4	920	FUN_8004d9b4
0x8004dd4c	920	FUN_8004dd4c
0x8004e0e4	636	FUN_8004e0e4
0x8004e360	1260	FUN_8004e360
0x8004e84c	1260	FUN_8004e84c
0x8004ed38	984	FUN_8004ed38
0x8004f110	984	FUN_8004f110
0x8004f4e8	460	FUN_8004f4e8
0x8004f6b4	672	FUN_8004f6b4
0x8004f954	1404	FUN_8004f954
0x8004fed0	2320	FUN_8004fed0
0x800507e0	1004	FUN_800507e0
0x80050bcc	1036	FUN_80050bcc
0x80050fd8	868	FUN_80050fd8
0x8005133c	1336	FUN_8005133c
0x80051874	4064	FUN_80051874
0x80052854	336	FUN_80052854
0x800529a4	508	FUN_800529a4
0x80052ba0	684	FUN_80052ba0
0x80052e4c	1196	FUN_80052e4c
0x800532f8	632	FUN_800532f8
0x80053570	3452	FUN_80053570
0x800542ec	232	FUN_800542ec
0x800543d4	400	FUN_800543d4
0x80054564	580	FUN_80054564
0x800547a8	680	FUN_800547a8
0x80054a50	676	FUN_80054a50
0x80054cf4	716	FUN_80054cf4
0x80054fc0	3192	FUN_80054fc0
0x80055c38	856	FUN_80055c38
0x80055f90	4212	FUN_80055f90
0x80057004	840	FUN_80057004
0x8005734c	416	FUN_8005734c
0x800574ec	856	FUN_800574ec
0x80057844	648	FUN_80057844
0x80057acc	3252	FUN_80057acc
0x80058780	552	FUN_80058780
0x800589a8	708	FUN_800589a8
0x80058c6c	5436	FUN_80058c6c
0x8005a1a8	460	FUN_8005a1a8
0x8005a374	828	FUN_8005a374
0x8005a6b0	88	FUN_8005a6b0
0x8005a708	704	FUN_8005a708
0x8005a9c8	44	FUN_8005a9c8
0x8005a9f4	156	FUN_8005a9f4
0x8005aa90	1196	FUN_8005aa90
0x8005af3c	1640	FUN_8005af3c
0x8005b5a4	572	FUN_8005b5a4
0x8005b7e0	1588	FUN_8005b7e0
0x8005be14	1040	FUN_8005be14
0x8005c224	508	FUN_8005c224
0x8005c420	4380	FUN_8005c420
0x8005d53c	500	FUN_8005d53c
0x8005d730	96	FUN_8005d730
0x8005d790	396	FUN_8005d790
0x8005d91c	96	FUN_8005d91c
0x8005d97c	96	FUN_8005d97c
0x8005d9dc	16	FUN_8005d9dc
0x8005d9ec	168	DrawTMD
0x8005da94	296	drawF3
0x8005dbbc	344	drawFT3
0x8005dd14	328	drawF4
0x8005de5c	392	drawFT4
0x8005dfe4	320	drawG3
0x8005e124	368	drawGT3
0x8005e294	364	drawG4
0x8005e400	428	drawGT4
0x8005e5ac	324	drawzF3
0x8005e6f0	372	drawzFT3
0x8005e864	376	drawzF4
0x8005e9dc	440	drawzFT4
0x8005eb94	348	drawzG3
0x8005ecf0	396	drawzGT3
0x8005ee7c	412	drawzG4
0x8005f018	476	drawzGT4
0x8005f1f4	188	run_exec_file
0x8005f2b0	96	FUN_8005f2b0
0x8005f310	564	AfsGetEntry
0x8005f544	560	AfsFindFile
0x8005f774	204	AfsOpenVolume
0x8005f840	100	AfsInit
0x8005f8a4	80	AfsFilenameFix
0x8005f8f4	156	AfsOpen
0x8005f990	56	FUN_8005f990
0x8005f9c8	64	AfsFileSize
0x8005fa08	196	AfsRead
0x8005facc	180	subAfsFindFile
0x8005fb80	184	AfsGetHeader
0x8005fc38	264	cd_open
0x8005fd40	528	FUN_8005fd40
0x8005ff50	164	cd_read
0x8005fff4	220	cd_seek
0x800600d0	40	FUN_800600d0
0x800600f8	152	cd_control
0x80060190	36	FUN_80060190
0x800601b4	356	AdtGetDisp
0x80060318	624	AdtMessageBox
0x80060588	20	FUN_80060588
0x8006059c	136	AdtFntOpen
0x80060624	64	AdtFntLoad
0x80060664	152	AdtReleaseDisp
0x800606fc	252	AdtVsprintf
0x800607f8	80	FUN_800607f8
0x80060848	68	FUN_80060848
0x8006088c	776	AdtSelect
0x80060b94	16	FUN_80060b94
0x80060ba4	16	FUN_80060ba4
0x80060bb4	32	PCopen
0x80060bd4	16	FUN_80060bd4
0x80060be4	36	PClseek
0x80060c08	32	PCcreat
0x80060c28	168	__SN_ENTRY_POINT
0x80060cd0	112	__main
0x80060d40	104	__do_global_dtors
0x80060da8	16	FUN_80060da8
0x80060db8	12	FUN_80060db8
0x80060dc4	192	FUN_80060dc4
0x80060e84	24	FUN_80060e84
0x80060e9c	192	FUN_80060e9c
0x80060f5c	24	FUN_80060f5c
0x80060f74	144	CdInit
0x80061004	192	EVENT_OBJ_90
0x800610c4	16	FUN_800610c4
0x800610d4	16	FUN_800610d4
0x800610e4	16	FUN_800610e4
0x800610f4	16	FUN_800610f4
0x80061104	12	FUN_80061104
0x80061110	108	CdReset
0x8006117c	156	FUN_8006117c
0x80061218	32	FUN_80061218
0x80061238	32	FUN_80061238
0x80061258	20	FUN_80061258
0x8006126c	20	FUN_8006126c
0x80061280	316	CdControl
0x800613bc	308	CdControlF
0x800614f0	332	CdControlB
0x8006163c	32	CdMix
0x8006165c	32	FUN_8006165c
0x8006167c	32	FUN_8006167c
0x8006169c	36	FUN_8006169c
0x800616c0	32	FUN_800616c0
0x800616e0	260	CdIntToPos
0x800617e4	128	CdPosToInt
0x80061864	1372	FUN_80061864
0x80061dc0	640	CD_sync
0x80062040	712	CD_ready
0x80062308	1036	CD_cw
0x80062714	136	CD_vol
0x8006279c	212	CD_flush
0x80062870	240	CD_initvol
0x80062960	76	CD_initintr
0x800629ac	480	CD_init
0x80062b8c	360	CD_datasync
0x80062cf4	256	CD_getsector
0x80062df4	248	CD_getsector2
0x80062eec	216	FUN_80062eec
0x80062fc4	728	CdSearchFile
0x8006329c	32	ISO9660_OBJ_2D8
0x800632bc	708	ISO9660_OBJ_2F8
0x80063580	164	ISO9660_OBJ_5BC
0x80063624	668	ISO9660_OBJ_660
0x800638c0	116	ISO9660_OBJ_8FC
0x80063934	52	CDR_1_OBJ_0
0x80063968	628	CDR_1_OBJ_34
0x80063bdc	208	CDR_1_OBJ_2A8
0x80063cac	488	CDR_1_OBJ_378
0x80063e94	416	CdReadBreak
0x80064034	240	CdRead
0x80064124	172	CDR_1_OBJ_7F0
0x800641d0	308	CdReadSync
0x80064304	376	CdReadFile
0x8006447c	216	CdReadExec
0x80064554	796	FUN_80064554
0x80064870	452	GsInitFixBg16
0x80064a34	224	GsSortLine
0x80064b14	160	_make_packet
0x80064bb4	464	GsSortPoly
0x80064d84	1280	GsSortSprite
0x80065284	116	GsInitGraph
0x800652f8	284	GS_001_OBJ_74
0x80065414	104	GsInitGraph2
0x8006547c	544	GS_001_OBJ_1F8
0x8006569c	264	GsSortClear
0x800657a4	64	GS_001_OBJ_520
0x800657e4	272	GsSetDrawBuffOffset
0x800658f4	128	GsSetDrawBuffClip
0x80065974	176	GsSwapDispBuff
0x80065a24	112	GsInitCoordinate2
0x80065a94	44	GsInitCoord2param
0x80065ac0	44	FUN_80065ac0
0x80065aec	148	GsSetLightMatrix
0x80065b80	48	GsSetLightMatrix2
0x80065bb0	144	GsMulCoord0
0x80065c40	128	GsMulCoord2
0x80065cc0	128	GsMulCoord3
0x80065d40	112	print_matrix
0x80065db0	52	print_vector
0x80065de4	16	FUN_80065de4
0x80065df4	160	GsDefDispBuff
0x80065e94	128	GsInit3D
0x80065f14	112	GsMapModelingData
0x80065f84	32	FUN_80065f84
0x80065fa4	1208	GsSetFlatLight
0x8006645c	100	GS_107_OBJ_4B8
0x800664c0	84	GS_107_OBJ_51C
0x80066514	128	GsSetLightMode
0x80066594	80	GsSetFogParam
0x800665e4	48	GsSetAmbient
0x80066614	48	GsDrawOt
0x80066644	96	GsClearOt
0x800666a4	80	gte_init
0x800666f4	240	GsGetTimInfo
0x800667e4	208	Gssub_make_matrix
0x800668b4	16	FUN_800668b4
0x800668c4	16	FUN_800668c4
0x800668d4	976	GsSetRefView2
0x80066ca4	236	GS_131_OBJ_3D0
0x80066d90	200	GS_131_OBJ_4BC
0x80066e58	28	FUN_80066e58
0x80066e74	192	gte_rotate_z_matrix
0x80066f34	540	FUN_80066f34
0x80067150	164	GS_133_OBJ_21C
0x800671f4	540	FUN_800671f4
0x80067410	7956	GS_134_OBJ_21C
0x80069324	400	GsLinkObject4
0x800694b4	2192	GsSortObject4
0x80069d44	1132	GsA4divTNG4
0x8006a1b0	1228	FUN_8006a1b0
0x8006a67c	304	FUN_8006a67c
0x8006a7ac	444	FUN_8006a7ac
0x8006a968	236	FUN_8006a968
0x8006aa54	1032	GsA4divTNF4
0x8006ae5c	1120	FUN_8006ae5c
0x8006b2bc	280	FUN_8006b2bc
0x8006b3d4	444	FUN_8006b3d4
0x8006b590	148	FUN_8006b590
0x8006b624	1024	GsA4divNG4
0x8006ba24	1120	FUN_8006ba24
0x8006be84	248	FUN_8006be84
0x8006bf7c	444	FUN_8006bf7c
0x8006c138	188	FUN_8006c138
0x8006c1f4	920	GsA4divNF4
0x8006c58c	1008	FUN_8006c58c
0x8006c97c	224	FUN_8006c97c
0x8006ca5c	444	FUN_8006ca5c
0x8006cc18	108	FUN_8006cc18
0x8006cc84	908	GsA4divTNG3
0x8006d010	992	FUN_8006d010
0x8006d3f0	304	FUN_8006d3f0
0x8006d520	332	FUN_8006d520
0x8006d66c	232	FUN_8006d66c
0x8006d754	824	GsA4divNG3
0x8006da8c	908	FUN_8006da8c
0x8006de18	244	FUN_8006de18
0x8006df0c	332	FUN_8006df0c
0x8006e058	188	FUN_8006e058
0x8006e114	844	GsA4divTNF3
0x8006e460	904	FUN_8006e460
0x8006e7e8	280	FUN_8006e7e8
0x8006e900	332	FUN_8006e900
0x8006ea4c	152	FUN_8006ea4c
0x8006eae4	748	GsA4divNF3
0x8006edd0	828	FUN_8006edd0
0x8006f10c	224	FUN_8006f10c
0x8006f1ec	332	FUN_8006f1ec
0x8006f338	108	FUN_8006f338
0x8006f3a4	176	SsEnd
0x8006f454	16	FUN_8006f454
0x8006f464	16	FUN_8006f464
0x8006f474	64	SsInit
0x8006f4b4	240	_SsInit
0x8006f5a4	32	FUN_8006f5a4
0x8006f5c4	192	SsSetSerialAttr
0x8006f684	80	SsSetMVol
0x8006f6d4	560	SSSTART_OBJ_0
0x8006f904	64	SsStart
0x8006f944	76	SSSTART_OBJ_270
0x8006f990	84	SSSTART_OBJ_2BC
0x8006f9e4	156	SetRCnt
0x8006fa80	56	GetRCnt
0x8006fab8	48	StartRCnt
0x8006fae8	52	StopRCnt
0x8006fb1c	56	ResetRCnt
0x8006fb54	624	SsSeqCalledTbyT
0x8006fdc4	528	_SsSndCrescendo
0x8006ffd4	160	_SsSndPause
0x80070074	48	FUN_80070074
0x800700a4	252	_SsSeqPlay
0x800701a0	580	_SsSeqGetEof
0x800703e4	944	_SsGetSeqData
0x80070794	176	_SsReadDeltaValue
0x80070844	256	_SsSndNextSep
0x80070944	96	_SsSndReplay
0x800709a4	384	_SsSndStop
0x80070b24	96	SsSeqStop
0x80070b84	272	SsSetSerialVol
0x80070c94	76	SsSetTickMode
0x80070ce0	260	SSTICK_OBJ_4C
0x80070de4	544	_SsSndTempo
0x80071004	320	SsUtAllKeyOff
0x80071144	112	SsUtAutoPan
0x800711b4	840	SsUtKeyOnV
0x800714fc	120	SsUtKeyOffV
0x80071574	464	FUN_80071574
0x80071744	620	SeAutoPan
0x800719b0	868	SetAutoPan
0x80071d14	16	FUN_80071d14
0x80071d24	1168	_SsVmFlush
0x800721b4	848	_SsVmInit
0x80072504	52	note2pitch
0x80072538	104	note2pitch2
0x800725a0	292	SsPitchFromNote
0x800726c4	1408	vmNoiseOn
0x80072c44	208	_SsVmKeyOffNow
0x80072d14	1232	_SsVmKeyOnNow
0x800731e4	1412	_SsVmSetSeqVol
0x80073768	244	_SsVmGetSeqVol
0x8007385c	184	_SsVmSeqKeyOff
0x80073914	192	_SsVmVSetUp
0x800739d4	16	FUN_800739d4
0x800739e4	16	FUN_800739e4
0x800739f4	128	SsVabClose
0x80073a74	52	SsVabOpenHead
0x80073aa8	220	VS_VH2_OBJ_34
0x80073b84	992	_SsVabOpenHeadWithMode
0x80073f64	192	SsVabTransBody
0x80074024	48	SsVabTransCompleted
0x80074054	32	FUN_80074054
0x80074074	232	_SpuInit
0x8007415c	120	SpuStart
0x800741d4	16	FUN_800741d4
0x800741e4	16	FUN_800741e4
0x800741f4	212	_spu_init
0x800742c8	428	SPU_OBJ_D4
0x80074474	448	SPU_OBJ_280
0x80074634	188	_spu_FiDMA
0x800746f0	168	_spu_Fr_
0x80074798	640	_spu_t
0x80074a18	132	_spu_Fw
0x80074a9c	100	_spu_Fr
0x80074b00	68	_spu_FsetRXX
0x80074b44	164	_spu_FsetRXXa
0x80074be8	60	_spu_FgetRXXa
0x80074c24	88	_spu_FsetPCR
0x80074c7c	40	FUN_80074c7c
0x80074ca4	40	FUN_80074ca4
0x80074ccc	104	_spu_Fw1ts
0x80074d34	48	FUN_80074d34
0x80074d64	128	SpuQuit
0x80074de4	16	FUN_80074de4
0x80074df4	16	FUN_80074df4
0x80074e04	96	SpuInitMalloc
0x80074e64	84	SpuMalloc
0x80074eb8	636	S_M_M_OBJ_54
0x80075134	768	_spu_gcSPU
0x80075434	128	SpuFree
0x800754b4	48	FUN_800754b4
0x800754e4	704	_SpuSetAnyVoice
0x800757a4	80	SpuSetNoiseClock
0x800757f4	48	FUN_800757f4
0x80075824	416	SpuClearReverbWorkArea
0x800759c4	16	FUN_800759c4
0x800759d4	128	_SpuIsInAllocateArea
0x80075a54	144	_SpuIsInAllocateArea_
0x80075ae4	448	SpuSetKey
0x80075ca4	96	SpuRead
0x80075d04	96	SpuSetTransferStartAddr
0x80075d64	48	FUN_80075d64
0x80075d94	176	SpuIsTransferCompleted
0x80075e44	16	FUN_80075e44
0x80075e54	40	FUN_80075e54
0x80075e7c	24	FUN_80075e7c
0x80075e94	896	SpuSetCommonAttr
0x80076214	1536	SpuSetVoiceAttr
0x80076814	208	_spu_note2pitch
0x800768e4	136	_spu_pitch2note
0x8007696c	104	S_N2P_OBJ_158
0x800769d4	64	S_N2P_OBJ_1C0
0x80076a14	32	FUN_80076a14
0x80076a34	48	FUN_80076a34
0x80076a64	112	FUN_80076a64
0x80076ad4	80	FUN_80076ad4
0x80076b24	64	memcpy
0x80076b64	48	memset
0x80076b94	48	rand
0x80076bc4	16	FUN_80076bc4
0x80076bd4	176	strcat
0x80076c84	112	strcmp
0x80076cf4	80	strcpy
0x80076d44	64	strlen
0x80076d84	128	FUN_80076d84
0x80076e04	128	strncmp
0x80076e84	112	strncpy
0x80076ef4	64	printf
0x80076f34	1696	prnt
0x800775d4	80	memchr
0x80077624	252	FUN_80077624
0x80077720	356	_putchar_flash
0x80077884	16	FUN_80077884
0x80077894	2176	sprintf
0x80078114	112	memmove
0x80078184	96	puts
0x800781e4	60	rsin
0x80078220	148	sin_1
0x800782b4	168	rcos
0x8007835c	136	InitGeom
0x800783e4	144	SquareRoot0
0x80078474	256	InvSquareRoot
0x80078574	192	MSC02_OBJ_100
0x80078634	240	MatrixNormal
0x80078724	272	MulMatrix0
0x80078834	352	ApplyMatrixLV
0x80078994	48	ApplyRotMatrix
0x800789c4	164	PushMatrix
0x80078a68	172	PopMatrix
0x80078b14	272	MulMatrix
0x80078c24	272	MulMatrix2
0x80078d34	96	ApplyMatrixSV
0x80078d94	48	TransMatrix
0x80078dc4	320	ScaleMatrix
0x80078f04	48	SetRotMatrix
0x80078f34	48	SetLightMatrix
0x80078f64	48	SetColorMatrix
0x80078f94	80	SetTransMatrix
0x80078fe4	200	SetVertexTri
0x800790ac	12	FUN_800790ac
0x800790b8	12	FUN_800790b8
0x800790c4	16	FUN_800790c4
0x800790d4	32	SetBackColor
0x800790f4	32	SetFarColor
0x80079114	32	FUN_80079114
0x80079134	16	FUN_80079134
0x80079144	48	RotTransPers
0x80079174	48	RotTrans
0x800791a4	128	RotTransPers4
0x80079224	64	TransposeMatrix
0x80079264	100	RotMatrix
0x800792c8	104	FGO_01_OBJ_64
0x80079330	148	FGO_01_OBJ_CC
0x800793c4	304	FGO_01_OBJ_160
0x800794f4	104	RotMatrixYXZ
0x8007955c	100	FGO_02_OBJ_68
0x800795c0	148	FGO_02_OBJ_CC
0x80079654	304	FGO_02_OBJ_160
0x80079784	316	GsTMDfastNF3
0x800798c0	320	GsTMDfastF3NL
0x80079a00	328	GsTMDfastF3L
0x80079b48	332	GsTMDfastF3LFG
0x80079c94	360	GsTMDfastNF4
0x80079dfc	364	GsTMDfastF4NL
0x80079f68	376	GsTMDfastF4L
0x8007a0e0	388	GsTMDfastF4LFG
0x8007a264	328	GsTMDfastNG3
0x8007a3ac	320	GsTMDfastG3NL
0x8007a4ec	400	GsTMDfastG3L
0x8007a67c	408	GsTMDfastG3LFG
0x8007a814	384	GsTMDfastNG4
0x8007a994	372	GsTMDfastG4NL
0x8007ab08	480	GsTMDfastG4L
0x8007ace8	492	GsTMDfastG4LFG
0x8007aed4	364	GsTMDfastTNF3
0x8007b040	356	GsTMDfastTF3NL
0x8007b1a4	368	GsTMDfastTF3L
0x8007b314	368	GsTMDfastTF3LFG
0x8007b484	416	GsTMDfastTNF4
0x8007b624	412	GsTMDfastTF4NL
0x8007b7c0	428	GsTMDfastTF4L
0x8007b96c	440	GsTMDfastTF4LFG
0x8007bb24	376	GsTMDfastTNG3
0x8007bc9c	348	GsTMDfastTG3NL
0x8007bdf8	436	GsTMDfastTG3L
0x8007bfac	440	GsTMDfastTG3LFG
0x8007c164	444	GsTMDfastTNG4
0x8007c320	408	GsTMDfastTG4NL
0x8007c4b8	524	GsTMDfastTG4L
0x8007c6c4	528	GsTMDfastTG4LFG
0x8007c8d4	384	ratan2
0x8007ca54	224	_patch_gte
0x8007cb34	16	FUN_8007cb34
0x8007cb44	376	VSync
0x8007ccbc	152	VSYNC_OBJ_178
0x8007cd54	16	FUN_8007cd54
0x8007cd64	16	FUN_8007cd64
0x8007cd74	48	FUN_8007cd74
0x8007cda4	48	FUN_8007cda4
0x8007cdd4	48	FUN_8007cdd4
0x8007ce04	52	VSyncCallback
0x8007ce38	48	FUN_8007ce38
0x8007ce68	96	FUN_8007ce68
0x8007cec8	40	FUN_8007cec8
0x8007cef0	24	FUN_8007cef0
0x8007cf08	216	INTR_OBJ_194
0x8007cfe0	464	INTR_OBJ_26C
0x8007d1b0	328	INTR_OBJ_43C
0x8007d2f8	160	INTR_OBJ_584
0x8007d398	120	INTR_OBJ_624
0x8007d410	44	FUN_8007d410
0x8007d43c	24	FUN_8007d43c
0x8007d454	16	FUN_8007d454
0x8007d464	16	FUN_8007d464
0x8007d474	16	FUN_8007d474
0x8007d484	60	setjmp
0x8007d4c0	68	longjmp
0x8007d504	88	startIntrVSync
0x8007d55c	108	INTR_VB_OBJ_58
0x8007d5c8	44	INTR_VB_OBJ_C4
0x8007d5f4	48	FUN_8007d5f4
0x8007d624	76	startIntrDMA
0x8007d670	384	INTR_DMA_OBJ_4C
0x8007d7f0	172	INTR_DMA_OBJ_1CC
0x8007d89c	60	FUN_8007d89c
0x8007d8d8	28	FUN_8007d8d8
0x8007d8f4	332	LoadTPage
0x8007da40	100	FUN_8007da40
0x8007daa4	180	SetDefDrawEnv
0x8007db58	60	SetDefDispEnv
0x8007db94	64	SetDumpFnt
0x8007dbd4	160	FntLoad
0x8007dc74	696	FntOpen
0x8007df2c	796	FntFlush
0x8007e248	972	FntPrint
0x8007e614	372	ResetGraph
0x8007e788	92	SetGraphDebug
0x8007e7e4	180	SetGraphQueue
0x8007e898	96	DrawSyncCallback
0x8007e8f8	152	SetDispMask
0x8007e990	104	DrawSync
0x8007e9f8	284	init_GsImage_storage_
0x8007eb14	144	ClearImage
0x8007eba4	152	ClearImage2
0x8007ec3c	96	FUN_8007ec3c
0x8007ec9c	96	FUN_8007ec9c
0x8007ecfc	184	MoveImage
0x8007edb4	200	ClearOTag
0x8007ee7c	172	ClearOTagR
0x8007ef28	92	DrawPrim
0x8007ef84	112	DrawOTag
0x8007eff4	192	PutDrawEnv
0x8007f0b4	216	DrawOTagEnv
0x8007f18c	52	FUN_8007f18c
0x8007f1c0	1272	PutDispEnv
0x8007f6b8	52	FUN_8007f6b8
0x8007f6ec	48	GetODE
0x8007f71c	56	SetTexWindow
0x8007f754	128	SetDrawArea
0x8007f7d4	64	SetDrawOffset
0x8007f814	40	SetPriority
0x8007f83c	40	SetDrawStp
0x8007f864	84	SetDrawMode
0x8007f8b8	504	SetDrawEnv
0x8007fab0	624	FUN_8007fab0
0x8007fd20	32	FUN_8007fd20
0x8007fd40	152	FUN_8007fd40
0x8007fdd8	152	FUN_8007fdd8
0x8007fe70	28	FUN_8007fe70
0x8007fe8c	152	FUN_8007fe8c
0x8007ff24	224	FUN_8007ff24
0x80080004	560	FUN_80080004
0x80080234	572	load_image_data_into_registers_
0x80080470	640	image_size_and_mem_to_gpu_
0x800806f0	56	FUN_800806f0
0x80080728	64	FUN_80080728
0x80080768	72	FUN_80080768
0x800807b0	48	FUN_800807b0
0x800807e0	36	FUN_800807e0
0x80080804	688	load_image_into_gpu_with_dma_
0x80080ab4	608	FUN_80080ab4
0x80080d14	336	FUN_80080d14
0x80080e64	316	draw_sync_
0x80080fa0	52	FUN_80080fa0
0x80080fd4	324	FUN_80080fd4
0x80081118	160	FUN_80081118
0x800811b8	472	FUN_800811b8
0x80081390	324	MoveImage2
0x800814d4	252	DrawOTag2
0x800815d0	40	FUN_800815d0
0x800815f8	44	FUN_800815f8
0x80081624	12	FUN_80081624
0x80081630	4	Krom2RawAdd2
0x80081634	172	FUN_80081634
0x800816e0	1324	kanjitrans
0x80081c0c	312	hankanjitrans
0x80081d44	64	FUN_80081d44
0x80081d84	64	GetTPage
0x80081dc4	32	FUN_80081dc4
0x80081de4	64	AddPrim
0x80081e24	32	FUN_80081e24
0x80081e44	48	SetSemiTrans
0x80081e74	32	FUN_80081e74
0x80081e94	32	FUN_80081e94
0x80081eb4	32	FUN_80081eb4
0x80081ed4	32	FUN_80081ed4
0x80081ef4	44	MemCardInit
0x80081f20	32	FUN_80081f20
0x80081f40	80	MemCardStart
0x80081f90	64	MemCardStop
0x80081fd0	104	FUN_80081fd0
0x80082038	468	FUN_80082038
0x8008220c	104	FUN_8008220c
0x80082274	564	FUN_80082274
0x800824a8	392	MemCardOpen
0x80082630	252	MemCardClose
0x8008272c	500	FUN_8008272c
0x80082920	316	FUN_80082920
0x80082a5c	544	FUN_80082a5c
0x80082c7c	544	FUN_80082c7c
0x80082e9c	608	MemCardGetDirentry
0x800830fc	20	FUN_800830fc
0x80083110	284	MemCardSync
0x8008322c	520	MemCardCreateFile
0x80083434	444	MemCardDeleteFile
0x800835f0	140	MemCardFormat
0x8008367c	180	MemCardUnformat
0x80083730	84	FUN_80083730
0x80083784	132	FUN_80083784
0x80083808	92	FUN_80083808
0x80083864	16	FUN_80083864
0x80083874	16	FUN_80083874
0x80083884	16	FUN_80083884
0x80083894	16	FUN_80083894
0x800838a4	16	FUN_800838a4
0x800838b4	16	FUN_800838b4
0x800838c4	16	FUN_800838c4
0x800838d4	412	firstfile
0x80083a70	260	FIRST_OBJ_19C
0x80083b74	16	FUN_80083b74
0x80083b84	16	FUN_80083b84
0x80083b94	16	FUN_80083b94
0x80083ba4	16	FUN_80083ba4
0x80083bb4	16	FUN_80083bb4
0x80083bc4	64	_card_clear
0x80083c04	16	FUN_80083c04
0x80083c14	124	UserFuncOpen
0x80083c90	108	UserFuncExecute
0x80083cfc	184	FUN_80083cfc
0x80083db4	48	_card_open
0x80083de4	476	_card_start
0x80083fc0	32	FUN_80083fc0
0x80083fe0	180	_card_stop
0x80084094	264	_clr_card_event
0x8008419c	216	FUN_8008419c
0x80084274	216	FUN_80084274
0x8008434c	60	FUN_8008434c
0x80084388	60	FUN_80084388
0x800843c4	16	FUN_800843c4
0x800843d4	108	InitCARD
0x80084440	56	StartCARD
0x80084478	56	StopCARD
0x800844b0	304	FUN_800844b0
0x800845e0	48	StartPAD
0x80084610	56	StopPAD
0x80084648	120	FUN_80084648
0x800846c0	56	FUN_800846c0
0x800846f8	104	FUN_800846f8
0x80084760	68	FUN_80084760
0x800847a4	16	FUN_800847a4
0x800847b4	16	FUN_800847b4
0x800847c4	16	FUN_800847c4
0x800847d4	16	FUN_800847d4
0x800847e4	16	FUN_800847e4
0x800847f4	16	FUN_800847f4
0x80084804	20	FUN_80084804
0x80084818	20	FUN_80084818
0x8008482c	120	_patch_pad
0x800848a4	112	_remove_ChgclrPAD
0x80084914	16	FUN_80084914
0x80084924	16	FUN_80084924
0x80084934	60	FUN_80084934
0x80084970	108	FUN_80084970
0x800849dc	148	_patch_card
0x80084a70	112	_patch_card2
0x80084ae0	52	_copy_memcard_patch
0x80084b14	160	_ExitCard
0x80084bb4	32	FUN_80084bb4
0x80084bd4	32	FUN_80084bd4
0x80084bf4	76	PadChkMtap
0x80084c40	192	PadGetState
0x80084d00	248	PadInfoMode
0x80084df8	212	PadInfoAct
0x80084ecc	168	PadInfoComb
0x80084f74	56	PadSetActAlign
0x80084fac	72	PadSetMainMode
0x80084ff4	80	PadSetAct
0x80085044	280	PadEnableCom
0x8008515c	44	_padSetVsyncParam
0x80085188	104	FUN_80085188
0x800851f0	364	FUN_800851f0
0x8008535c	20	FUN_8008535c
0x80085370	204	_padStartCom
0x8008543c	68	_padStopCom
0x80085480	820	_padInitSioMode
0x800857b4	200	FUN_800857b4
0x8008587c	472	_padSioRW
0x80085a54	568	_padSioRW2
0x80085c8c	144	_padClrIntSio0
0x80085d1c	40	_padWaitRXready
0x80085d44	28	FUN_80085d44
0x80085d60	132	_padSendAtLoadInfo
0x80085de4	332	_padRecvAtLoadInfo
0x80085f30	56	_padGetActSize
0x80085f68	212	_padLoadActInfo
0x8008603c	168	FUN_8008603c
0x800860e4	628	FUN_800860e4
0x80086358	132	_padSetActAlign
0x800863dc	200	FUN_800863dc
0x800864a4	152	_padSetMainMode
0x8008653c	84	FUN_8008653c
0x80086590	96	FUN_80086590
0x800865f0	32	FUN_800865f0
0x80086610	20	FUN_80086610
0x80086624	32	FUN_80086624
0x80086644	32	FUN_80086644
0x80086664	32	FUN_80086664
0x80086684	32	FUN_80086684
0x800866a4	72	FUN_800866a4
0x800866ec	216	FUN_800866ec
0x800867c4	192	FUN_800867c4
0x80086884	140	FUN_80086884
0x80086910	900	FUN_80086910
0x80086c94	352	PadInitDirect
0x80086df4	104	FUN_80086df4
0x80086e5c	244	FUN_80086e5c
0x80086f50	16	FUN_80086f50
0x80086f60	188	FUN_80086f60
0x8008701c	636	FUN_8008701c
0x80087298	56	FUN_80087298
0x800872d0	36	FUN_800872d0
0x800872f4	48	bzero
0x80087324	52	_padInitDirSeq
0x80087358	256	FUN_80087358
0x80087458	592	FUN_80087458
0x800876a8	220	_dirFailAuto
0x80087784	48	FUN_80087784
0x800877b4	32	setRC2wait
0x800877d4	160	chkRC2wait
